Customer_ID,Age,Region,Device_Type,Payment_Method,Tenure_Months,Monthly_Call_Minutes,Monthly_Data_GB,Monthly_SMS,Roaming_Minutes,Streaming_Hours,Support_Tickets_Last_Year,Monthly_Spend_INR,Recommended_Plan
CUS-00531,68,Urban,iOS,Card,16,383.7,22.29,112,88.5,106.9,1,740.1,Standard
CUS-01906,38,Rural,Feature_Phone,UPI,8,406.1,0.1,42,8.6,4.7,1,348.3,Basic
CUS-01505,36,Semi_Urban,iOS,Card,24,534.2,23.61,20,51.4,69.2,1,766.9,Standard
CUS-01697,59,Urban,Android,Cash,51,413.2,21.83,30,5.3,123.9,0,689.04,Standard
CUS-01529,42,Metro,Android,UPI,84,232.8,7.11,87,24.1,70.3,2,479.37,Basic
CUS-00525,59,Metro,Android,Cash,18,411.2,20.63,94,19.6,103.7,2,536.73,Standard
CUS-01829,46,Urban,iOS,Card,33,248.2,44.87,31,20.1,159.3,1,873.16,Premium
CUS-01893,38,Urban,Android,Auto_Debit,39,60.4,12.83,135,62.4,45.1,1,526.33,Basic
CUS-00504,27,Semi_Urban,iOS,Auto_Debit,25,538.6,54.53,35,2.2,203.8,1,1154.71,Premium
CUS-01629,50,Semi_Urban,Android,Auto_Debit,23,624.2,43.57,9,1.0,135.5,0,1074.9,Premium
CUS-01824,54,Semi_Urban,iOS,Auto_Debit,16,418.2,30.35,176,46.6,131.1,4,726.21,Standard
CUS-01514,67,Rural,Android,Auto_Debit,6,241.0,9.25,75,110.4,7.3,1,403.66,Basic
CUS-01655,47,Rural,Android,UPI,11,533.6,27.26,165,33.9,115.1,0,904.5,Standard
CUS-00355,48,Urban,Android,Cash,49,637.1,36.32,32,7.9,144.2,1,935.23,Standard
CUS-01124,38,Urban,iOS,Card,35,186.3,20.2,31,62.8,67.9,0,734.54,Basic
CUS-01501,62,Urban,iOS,UPI,18,470.1,17.2,57,19.8,73.3,0,565.72,Standard
CUS-01334,65,Rural,Android,Card,9,538.4,8.0,7,33.0,44.6,1,531.52,Standard
CUS-01118,22,Metro,Android,Cash,12,304.6,11.2,49,32.1,62.8,1,418.69,Basic
CUS-00130,41,Metro,Android,UPI,21,436.6,22.27,70,45.9,68.5,1,665.13,Standard
CUS-02235,61,Urban,Android,UPI,19,365.7,9.6,26,8.8,55.2,1,339.97,Standard
CUS-01132,25,Urban,Android,UPI,9,307.0,24.77,60,12.3,157.6,2,767.21,Standard
CUS-01297,31,Metro,Android,UPI,35,481.7,13.01,57,59.5,33.3,0,639.38,Standard
CUS-00311,29,Metro,Android,Cash,25,273.4,12.22,15,65.3,47.9,0,668.8,Basic
CUS-00887,22,Semi_Urban,iOS,Card,41,52.0,34.19,63,5.0,167.7,4,679.91,Standard
CUS-01634,60,Semi_Urban,Android,UPI,36,669.8,4.75,13,32.3,0.0,3,509.54,Basic
CUS-02109,35,Urban,Feature_Phone,UPI,21,380.8,0.1,142,7.9,37.6,2,402.14,Basic
CUS-02371,20,Urban,Android,Auto_Debit,16,408.3,14.91,18,45.0,83.5,1,506.85,Standard
CUS-01010,29,Urban,Android,Auto_Debit,37,586.0,8.73,66,5.0,27.9,1,600.01,Basic
CUS-00721,45,Semi_Urban,Android,Auto_Debit,56,296.1,8.53,37,30.1,36.2,4,395.4,Basic
CUS-01899,42,Urban,Feature_Phone,UPI,47,539.5,0.1,50,30.9,0.0,4,560.13,Basic
CUS-01537,40,Urban,Android,Auto_Debit,4,588.4,26.87,78,8.6,104.4,0,714.27,Standard
CUS-01114,49,Urban,Android,Cash,74,452.3,22.12,47,23.9,100.3,0,518.55,Standard
CUS-01318,58,Urban,Feature_Phone,Card,8,795.5,27.88,23,17.9,110.6,1,820.67,Standard
CUS-00862,41,Urban,Android,Auto_Debit,18,576.2,11.93,71,3.2,57.2,0,648.0,Standard
CUS-01139,70,Rural,Android,Card,23,348.5,23.94,56,15.0,116.3,3,617.78,Standard
CUS-01817,52,Urban,iOS,UPI,38,397.8,21.4,53,39.8,96.5,2,771.07,Standard
CUS-01844,42,Urban,iOS,UPI,5,372.1,48.7,7,47.1,179.8,2,977.88,Premium
CUS-02210,58,Rural,iOS,UPI,13,303.1,35.84,31,49.8,190.3,0,761.26,Standard
CUS-00515,69,Metro,Android,UPI,9,566.0,46.39,66,16.8,176.7,3,996.81,Premium
CUS-00518,34,Urban,Android,Cash,58,637.1,7.98,71,47.5,34.5,0,603.62,Standard
CUS-00357,41,Urban,iOS,Cash,69,536.0,41.28,40,2.1,201.2,1,947.2,Standard
CUS-00410,20,Rural,Feature_Phone,UPI,45,340.5,0.1,79,32.8,3.6,3,324.39,Basic
CUS-01372,55,Urban,Android,UPI,14,567.6,17.64,51,29.6,53.2,1,666.22,Standard
CUS-01794,56,Rural,Android,UPI,27,443.6,7.65,45,117.8,50.5,3,636.64,Basic
CUS-01099,41,Semi_Urban,Feature_Phone,Cash,16,186.1,1.02,29,9.7,0.0,1,332.17,Basic
CUS-01238,19,Urban,iOS,Auto_Debit,8,279.3,27.66,89,14.0,133.2,0,715.95,Standard
CUS-01394,53,Semi_Urban,Android,UPI,44,248.7,8.57,49,25.8,29.2,1,358.71,Basic
CUS-01975,46,Urban,Android,Card,22,671.8,14.09,32,17.3,28.7,0,666.27,Standard
CUS-01562,65,Metro,iOS,Card,43,142.0,28.98,58,26.2,115.4,1,719.87,Standard
CUS-02095,30,Semi_Urban,iOS,Auto_Debit,26,201.1,39.58,7,90.9,177.2,1,732.12,Premium
CUS-02152,70,Rural,iOS,Cash,46,573.1,15.81,51,103.5,40.4,2,684.05,Standard
CUS-00035,57,Metro,Android,UPI,48,791.4,9.75,25,44.4,48.4,3,765.13,Standard
CUS-02088,52,Semi_Urban,Android,UPI,11,344.9,21.62,13,11.3,103.4,1,637.93,Standard
CUS-01180,42,Urban,iOS,UPI,4,397.7,57.83,254,1.6,253.5,1,1018.09,Premium
CUS-01729,69,Urban,iOS,UPI,10,193.4,27.5,61,34.0,111.0,1,602.64,Standard
CUS-01828,68,Semi_Urban,Android,Card,30,560.1,27.06,58,19.9,106.0,4,831.45,Standard
CUS-01352,48,Metro,Android,Auto_Debit,21,706.4,17.25,24,35.7,84.0,4,551.34,Standard
CUS-00852,36,Urban,Android,Cash,40,405.7,10.31,38,16.9,39.0,0,623.34,Basic
CUS-01283,62,Urban,iOS,Auto_Debit,14,554.8,42.5,19,7.4,188.0,1,997.01,Premium
CUS-02337,59,Metro,Android,UPI,84,557.0,12.22,158,16.0,70.5,1,651.01,Standard
CUS-01184,56,Semi_Urban,Android,Auto_Debit,84,483.2,15.69,68,22.2,59.1,2,587.9,Standard
CUS-00549,69,Rural,Android,Card,11,586.0,83.34,92,8.4,344.4,1,1258.06,Premium
CUS-02181,69,Semi_Urban,iOS,Cash,30,239.3,80.16,59,22.6,327.7,1,1482.98,Premium
CUS-02359,19,Urban,iOS,Card,84,252.1,37.73,7,44.4,156.8,3,771.66,Standard
CUS-01705,44,Semi_Urban,iOS,UPI,29,69.1,17.05,66,48.6,63.1,0,564.36,Basic
CUS-00919,39,Urban,Android,UPI,26,589.0,35.84,3,10.2,147.4,1,798.13,Standard
CUS-00853,43,Rural,iOS,Cash,50,157.3,33.17,73,5.7,101.5,3,760.29,Standard
CUS-01046,47,Urban,Android,Card,50,538.4,13.34,57,4.1,46.7,3,514.45,Standard
CUS-01733,26,Metro,iOS,Cash,36,685.6,15.99,49,37.0,60.7,0,885.25,Standard
CUS-00191,18,Metro,iOS,UPI,31,426.1,24.57,116,14.6,80.7,0,767.87,Standard
CUS-00188,38,Semi_Urban,iOS,Auto_Debit,26,347.9,31.66,16,7.1,123.0,2,889.92,Standard
CUS-00700,44,Metro,Android,UPI,29,529.2,8.32,80,22.8,22.9,2,625.78,Standard
CUS-02117,64,Urban,iOS,UPI,53,523.0,19.32,4,8.5,82.3,3,754.98,Standard
CUS-01908,60,Semi_Urban,Android,UPI,5,514.5,70.43,31,14.6,351.5,2,1182.69,Premium
CUS-00874,56,Urban,Feature_Phone,Cash,31,633.1,7.53,118,166.5,7.8,1,842.4,Basic
CUS-00491,65,Metro,Android,Auto_Debit,41,675.3,11.79,21,44.8,102.1,1,603.98,Standard
CUS-02338,66,Rural,Android,Auto_Debit,10,386.4,44.42,72,31.2,145.0,2,859.91,Standard
CUS-00962,31,Urban,Android,Auto_Debit,16,349.2,12.62,8,7.5,31.2,0,471.35,Basic
CUS-01556,68,Metro,Feature_Phone,Auto_Debit,19,500.8,14.06,33,37.6,63.6,0,652.2,Basic
CUS-00014,32,Semi_Urban,Android,UPI,32,195.8,26.87,9,3.0,104.3,2,616.19,Standard
CUS-00497,36,Urban,Android,Cash,17,464.8,10.57,66,26.8,73.7,2,480.68,Standard
CUS-00492,66,Rural,Android,UPI,21,846.9,25.12,64,27.0,115.9,0,862.65,Standard
CUS-01661,40,Semi_Urban,Android,Cash,63,386.5,30.19,27,7.0,145.1,2,859.52,Standard
CUS-00428,20,Semi_Urban,Feature_Phone,UPI,35,168.7,5.74,32,13.0,2.9,0,450.3,Basic
CUS-01179,61,Semi_Urban,Feature_Phone,Card,39,371.4,79.78,69,29.1,344.1,0,1287.09,Premium
CUS-02106,48,Rural,Feature_Phone,UPI,56,480.9,25.32,49,29.9,128.8,1,668.99,Standard
CUS-00951,43,Semi_Urban,iOS,UPI,24,312.2,15.59,51,30.1,95.4,1,577.76,Basic
CUS-02074,57,Metro,iOS,Card,48,363.0,36.08,5,21.3,177.7,1,873.25,Standard
CUS-00593,50,Semi_Urban,Android,Auto_Debit,23,355.9,32.18,116,25.6,170.1,0,618.77,Standard
CUS-02052,25,Urban,Feature_Phone,Cash,27,362.6,0.1,11,7.1,7.3,2,282.08,Basic
CUS-01887,54,Semi_Urban,Android,Card,39,605.1,9.86,14,28.5,62.6,2,636.04,Standard
CUS-01695,19,Metro,Android,Auto_Debit,69,20.0,36.3,233,27.8,152.2,0,547.38,Standard
CUS-01775,49,Metro,Android,Auto_Debit,36,537.3,38.6,47,23.0,174.3,2,801.34,Standard
CUS-02175,37,Metro,Android,UPI,2,736.8,17.88,16,19.4,88.6,4,743.89,Standard
CUS-02308,29,Metro,Feature_Phone,UPI,32,654.0,23.38,61,36.2,118.7,0,745.81,Standard
CUS-02257,27,Rural,Android,Card,56,192.3,58.1,7,8.3,288.2,0,877.39,Premium
CUS-00436,33,Semi_Urban,Android,Auto_Debit,23,468.5,43.44,86,9.1,151.1,3,889.96,Standard
CUS-00285,41,Urban,Android,Auto_Debit,6,503.5,5.95,7,39.2,32.4,0,692.01,Basic
CUS-00158,42,Urban,Android,Auto_Debit,11,108.5,43.35,35,19.1,191.3,2,770.06,Standard
CUS-01956,28,Urban,iOS,Card,29,702.4,27.82,86,17.1,127.0,1,896.77,Standard
CUS-00665,39,Semi_Urban,Android,UPI,50,466.8,21.46,173,19.0,95.2,1,681.47,Standard
CUS-00166,64,Metro,Android,Auto_Debit,4,781.4,6.33,25,40.6,49.1,0,660.39,Standard
CUS-01392,69,Urban,Feature_Phone,Auto_Debit,7,527.7,0.1,37,12.9,52.2,1,462.26,Basic
CUS-01598,33,Urban,iOS,Card,40,244.6,23.53,23,4.6,79.4,0,735.07,Standard
CUS-02125,61,Semi_Urban,Android,UPI,35,614.6,9.61,8,0.3,43.9,2,560.69,Standard
CUS-01499,37,Rural,Feature_Phone,UPI,27,671.2,0.1,73,24.3,0.0,1,513.68,Basic
CUS-01041,30,Urban,Android,UPI,20,312.1,9.95,101,34.1,38.6,1,535.97,Basic
CUS-01151,24,Urban,Feature_Phone,Auto_Debit,19,692.2,0.1,83,30.3,0.0,3,480.87,Basic
CUS-01898,55,Urban,Android,UPI,44,293.1,17.68,29,4.4,60.2,1,511.95,Basic
CUS-00659,25,Urban,Android,Card,8,664.0,32.61,64,3.8,163.5,1,917.85,Standard
CUS-02151,63,Rural,iOS,UPI,84,315.7,12.65,36,10.2,0.0,3,518.56,Basic
CUS-01585,50,Semi_Urban,Android,Auto_Debit,31,469.5,35.37,63,25.5,119.3,2,843.46,Standard
CUS-01410,28,Semi_Urban,Android,Card,31,238.4,16.14,47,16.4,85.5,0,442.75,Basic
CUS-00677,65,Urban,Android,UPI,23,450.9,9.99,12,16.0,29.8,1,567.93,Basic
CUS-00792,47,Urban,Feature_Phone,Card,9,610.8,4.07,12,17.9,0.0,0,537.05,Basic
CUS-00651,32,Urban,Android,Auto_Debit,40,332.5,5.27,26,39.2,34.2,1,517.91,Basic
CUS-01749,28,Semi_Urban,iOS,UPI,45,432.0,21.4,62,32.8,64.4,2,662.83,Standard
CUS-00591,45,Rural,Android,Cash,3,254.5,10.65,60,15.7,79.2,2,474.5,Standard
CUS-01249,26,Metro,Android,UPI,45,854.8,14.02,37,73.9,76.1,2,835.93,Standard
CUS-00989,19,Metro,iOS,Card,24,252.2,21.37,105,25.3,112.5,0,647.96,Standard
CUS-01752,62,Urban,iOS,Auto_Debit,77,394.6,12.7,153,43.1,21.8,3,634.28,Standard
CUS-01296,28,Rural,iOS,Card,9,466.4,29.8,66,23.4,108.0,1,800.35,Standard
CUS-00223,47,Urban,Feature_Phone,UPI,22,807.7,4.76,76,30.3,33.4,1,644.88,Basic
CUS-00899,37,Rural,Android,Card,34,145.1,11.55,51,13.5,48.6,0,331.54,Basic
CUS-01011,22,Metro,Android,Auto_Debit,20,489.3,14.82,27,27.4,30.3,0,533.54,Standard
CUS-02011,59,Urban,Android,UPI,32,467.4,38.37,72,11.7,154.1,0,803.52,Standard
CUS-02300,66,Semi_Urban,Android,Auto_Debit,16,745.4,16.23,60,18.9,64.2,0,670.82,Standard
CUS-01295,43,Semi_Urban,Android,Auto_Debit,56,304.8,17.98,95,22.8,56.5,1,410.56,Standard
CUS-01082,52,Semi_Urban,Android,UPI,84,203.0,58.13,65,3.3,260.8,0,1006.5,Premium
CUS-00668,57,Semi_Urban,iOS,Card,36,400.3,22.95,97,1.7,119.4,0,688.27,Standard
CUS-01288,64,Urban,iOS,Auto_Debit,84,481.3,31.22,70,16.7,131.6,0,854.93,Standard
CUS-00256,32,Metro,Android,Auto_Debit,15,868.9,22.89,12,40.1,102.9,0,892.91,Standard
CUS-00386,62,Rural,Android,Auto_Debit,10,253.9,8.91,21,11.0,29.6,3,464.18,Basic
CUS-01691,70,Metro,Feature_Phone,Cash,46,891.7,12.16,7,24.6,35.4,0,753.59,Basic
CUS-02367,60,Urban,Feature_Phone,Cash,41,423.3,23.09,49,20.6,74.0,2,634.8,Standard
CUS-01379,64,Urban,iOS,UPI,12,365.9,29.07,32,54.7,148.1,0,990.36,Standard
CUS-01755,32,Metro,Feature_Phone,UPI,31,342.5,31.04,70,20.5,184.4,0,783.75,Standard
CUS-00509,27,Semi_Urban,iOS,Auto_Debit,17,318.1,36.06,95,8.9,138.1,1,895.4,Standard
CUS-01079,45,Metro,iOS,Auto_Debit,48,594.1,23.11,9,46.5,80.2,0,691.1,Standard
CUS-00490,27,Metro,iOS,Card,84,390.5,26.5,67,20.6,121.7,1,832.65,Standard
CUS-01245,64,Urban,Android,Cash,29,496.7,15.38,33,20.8,104.0,0,601.85,Standard
CUS-01504,49,Urban,iOS,UPI,20,255.9,45.33,22,18.9,171.5,2,856.12,Standard
CUS-00718,22,Urban,Android,UPI,52,448.4,24.64,137,42.0,91.9,1,661.66,Standard
CUS-00800,22,Metro,Android,Auto_Debit,37,290.3,14.48,75,12.9,47.0,1,501.16,Standard
CUS-01616,28,Metro,Android,Auto_Debit,80,228.1,22.12,4,36.8,127.2,0,671.28,Standard
CUS-00465,38,Urban,iOS,Card,2,266.3,17.89,135,23.0,78.2,0,754.13,Standard
CUS-00200,43,Urban,Android,Auto_Debit,26,20.0,23.62,47,16.9,85.6,1,541.52,Standard
CUS-00259,50,Semi_Urban,iOS,Auto_Debit,11,303.8,28.81,7,59.4,152.5,3,909.31,Standard
CUS-00323,61,Urban,Android,UPI,84,566.3,22.61,42,9.8,99.4,2,698.2,Standard
CUS-01366,21,Metro,Android,Card,21,128.8,54.0,73,20.8,194.8,1,826.92,Premium
CUS-00246,54,Metro,Android,UPI,28,517.5,9.34,33,45.8,31.4,3,658.3,Basic
CUS-00524,31,Semi_Urban,iOS,Card,58,256.8,32.76,62,5.5,95.5,0,714.07,Standard
CUS-00170,40,Urban,Android,UPI,62,353.3,66.85,61,26.6,274.3,0,1157.69,Premium
CUS-02183,36,Urban,Android,Auto_Debit,45,601.7,7.95,8,29.7,0.0,1,465.39,Basic
CUS-00110,57,Semi_Urban,iOS,UPI,21,196.9,41.75,35,32.0,152.5,3,882.92,Standard
CUS-00693,54,Metro,Android,Auto_Debit,10,416.6,19.08,70,30.1,77.8,2,683.06,Standard
CUS-00344,18,Urban,Android,Card,49,206.0,12.22,19,33.2,38.1,1,339.31,Basic
CUS-01690,35,Rural,iOS,Card,84,377.7,11.57,30,17.9,30.3,1,718.26,Basic
CUS-01305,59,Urban,Android,UPI,18,516.3,38.35,53,3.4,182.2,1,766.04,Standard
CUS-00291,58,Urban,Android,Cash,10,166.1,19.11,34,33.0,90.6,0,552.47,Standard
CUS-01255,42,Urban,Android,Cash,21,384.9,20.19,47,28.1,138.6,1,619.11,Standard
CUS-00007,22,Urban,Android,Card,8,536.3,14.55,87,58.2,74.1,1,582.96,Standard
CUS-00332,38,Urban,iOS,Auto_Debit,45,351.7,24.21,42,73.8,129.9,2,818.01,Standard
CUS-00867,61,Urban,Android,Card,54,696.9,86.63,156,15.8,379.9,0,1405.05,Premium
CUS-00628,51,Rural,Android,Auto_Debit,39,488.8,32.19,72,66.9,118.0,0,782.47,Standard
CUS-02388,35,Semi_Urban,Feature_Phone,Auto_Debit,45,387.7,25.08,42,8.5,117.2,0,522.18,Standard
CUS-00799,54,Urban,Android,Card,15,419.3,14.58,21,22.1,51.8,0,639.05,Standard
CUS-00568,68,Metro,Android,Card,29,465.2,6.36,77,38.9,87.3,1,648.42,Standard
CUS-02194,50,Urban,iOS,Cash,21,591.2,47.47,34,17.9,230.5,1,1015.91,Standard
CUS-00244,57,Metro,Android,Cash,36,460.6,28.28,144,33.2,119.0,3,776.83,Standard
CUS-01043,50,Urban,Android,Cash,19,800.7,9.39,110,17.2,61.7,0,583.53,Standard
CUS-01013,20,Urban,Android,UPI,37,319.0,44.46,129,39.2,206.8,1,838.16,Standard
CUS-02030,50,Urban,Android,Cash,2,346.4,14.95,82,3.3,90.2,0,615.56,Standard
CUS-00356,32,Urban,Android,UPI,60,527.6,25.52,46,4.4,64.6,1,678.91,Standard
CUS-01873,70,Semi_Urban,Android,Card,4,389.5,16.73,56,46.7,80.6,2,635.67,Basic
CUS-00920,41,Semi_Urban,Android,Auto_Debit,9,666.6,58.86,18,36.2,239.9,0,1189.21,Premium
CUS-01890,42,Rural,Android,Card,25,461.9,14.02,66,38.5,33.5,3,643.44,Standard
CUS-01932,55,Semi_Urban,Android,Card,26,418.0,117.24,18,6.6,420.0,0,1688.84,Premium
CUS-01337,61,Urban,Android,UPI,20,644.1,17.49,13,19.5,68.2,1,645.14,Standard
CUS-01089,40,Semi_Urban,iOS,Cash,6,350.0,20.97,114,29.4,85.1,0,779.86,Standard
CUS-01307,30,Urban,Android,Cash,12,370.9,6.61,23,38.7,69.7,1,460.99,Basic
CUS-01924,46,Urban,Android,UPI,28,357.0,18.97,72,58.3,62.0,0,734.79,Basic
CUS-02205,20,Metro,Android,Cash,46,522.7,73.37,36,27.0,337.3,2,1205.85,Premium
CUS-00326,58,Semi_Urban,iOS,Card,41,705.5,20.3,21,3.0,91.8,0,661.6,Standard
CUS-00785,48,Semi_Urban,Android,Card,8,955.8,28.48,56,7.4,116.2,0,1061.99,Standard
CUS-01717,50,Urban,Android,Auto_Debit,14,433.6,14.42,16,41.7,74.6,4,620.14,Standard
CUS-02304,20,Metro,Android,UPI,33,388.1,9.53,150,48.6,39.1,0,539.23,Basic
CUS-01607,48,Metro,iOS,Auto_Debit,25,429.2,21.67,30,54.0,72.8,1,877.95,Standard
CUS-02031,25,Urban,Android,UPI,22,526.0,8.17,90,72.9,59.8,0,579.28,Basic
CUS-02291,18,Urban,Android,Auto_Debit,39,288.6,27.79,23,11.0,94.7,4,720.81,Standard
CUS-00199,46,Metro,iOS,Card,65,714.1,39.87,76,25.7,176.6,1,1079.0,Standard
CUS-00212,61,Rural,iOS,Cash,44,466.0,39.03,8,46.0,197.8,1,752.33,Standard
CUS-01285,24,Semi_Urban,Android,Card,41,352.7,34.21,26,70.6,132.6,1,753.94,Standard
CUS-02029,44,Metro,Android,Auto_Debit,19,341.6,9.89,4,23.6,30.4,1,606.62,Basic
CUS-02003,68,Metro,Android,Auto_Debit,21,695.6,62.82,20,10.5,254.8,0,1232.45,Premium
CUS-01165,46,Metro,Android,Auto_Debit,68,530.6,41.25,65,40.4,205.2,0,959.75,Standard
CUS-00752,41,Semi_Urban,Android,Auto_Debit,64,319.3,21.93,10,10.8,82.6,2,636.85,Standard
CUS-00884,32,Urban,Android,UPI,70,269.3,33.61,56,4.6,127.1,0,727.09,Standard
CUS-00892,59,Rural,iOS,Card,13,568.4,22.0,42,11.0,94.7,1,838.16,Standard
CUS-02054,55,Semi_Urban,Android,UPI,46,347.3,39.96,108,40.4,199.0,1,733.03,Standard
CUS-00556,21,Urban,Android,UPI,51,165.6,14.48,43,63.6,20.8,2,580.14,Standard
CUS-01338,56,Semi_Urban,iOS,Cash,33,415.9,27.41,44,57.9,49.2,5,724.16,Standard
CUS-02002,61,Rural,Android,UPI,25,449.0,18.0,34,38.9,65.3,0,557.17,Standard
CUS-00132,51,Urban,iOS,Auto_Debit,84,513.7,16.42,78,10.9,83.9,1,762.74,Standard
CUS-00053,70,Semi_Urban,Android,UPI,38,966.6,53.46,20,18.7,221.3,1,1197.71,Standard
CUS-01687,56,Urban,Android,Cash,18,542.2,9.02,26,37.1,37.6,0,643.04,Basic
CUS-02222,61,Urban,Android,Auto_Debit,12,440.9,7.69,94,63.4,40.0,1,467.94,Basic
CUS-00360,66,Urban,Android,Cash,7,682.1,20.93,16,53.6,76.9,0,780.45,Standard
CUS-00741,21,Metro,Android,Auto_Debit,31,572.9,35.9,25,49.0,150.2,0,935.06,Premium
CUS-01253,19,Metro,Android,Card,10,342.4,20.24,42,37.0,125.1,1,669.93,Standard
CUS-01948,26,Urban,Android,UPI,19,20.0,7.13,59,0.0,63.3,2,265.37,Basic
CUS-00750,43,Urban,Android,Card,14,411.7,7.99,41,7.3,0.0,1,523.33,Basic
CUS-01373,60,Metro,Android,Cash,18,577.5,96.0,2,29.4,420.0,0,1512.45,Premium
CUS-00225,35,Metro,iOS,Auto_Debit,36,469.8,20.46,80,20.1,104.8,0,855.8,Standard
CUS-02282,27,Urban,Android,Card,59,195.5,7.63,16,18.9,27.3,1,330.98,Basic
CUS-02311,36,Urban,Android,Cash,36,752.2,18.41,42,19.8,118.5,1,805.24,Standard
CUS-01530,55,Urban,Android,UPI,45,656.1,22.17,33,6.5,88.2,0,726.15,Standard
CUS-01138,58,Urban,iOS,Card,74,218.8,13.23,41,12.2,70.8,2,657.67,Basic
CUS-00949,37,Semi_Urban,Android,Auto_Debit,43,180.8,65.12,39,22.1,327.5,2,1048.23,Premium
CUS-02211,24,Semi_Urban,Android,UPI,37,629.9,20.15,38,14.0,63.8,1,694.04,Standard
CUS-01833,69,Urban,Android,Auto_Debit,19,657.6,16.31,36,19.9,82.0,1,780.59,Standard
CUS-00305,57,Urban,Android,Auto_Debit,20,349.3,9.94,39,52.5,9.0,1,590.34,Standard
CUS-02302,49,Urban,Android,UPI,51,318.3,4.1,28,15.9,0.0,1,402.29,Basic
CUS-01409,39,Rural,iOS,Auto_Debit,35,355.5,18.02,35,15.7,56.0,1,674.34,Basic
CUS-02040,54,Urban,iOS,Auto_Debit,22,627.0,28.49,44,68.4,106.8,1,1019.68,Standard
CUS-00030,59,Semi_Urban,iOS,Auto_Debit,43,624.2,65.11,20,39.3,273.0,3,1224.86,Premium
CUS-01525,20,Metro,Android,Card,51,501.5,19.4,62,29.2,74.4,2,690.91,Standard
CUS-01973,59,Rural,iOS,Auto_Debit,10,585.5,22.99,4,12.8,96.2,1,874.64,Standard
CUS-01321,36,Rural,Android,Card,15,665.6,40.02,98,32.9,225.7,1,929.55,Standard
CUS-01531,32,Metro,Android,Cash,21,745.8,40.49,19,50.2,210.3,2,1135.43,Standard
CUS-01382,67,Metro,Android,UPI,28,639.6,12.01,121,79.5,67.6,0,574.44,Standard
CUS-01623,22,Metro,iOS,Card,15,571.4,55.07,143,12.7,238.7,1,1251.36,Premium
CUS-00402,42,Metro,Android,Auto_Debit,52,327.7,9.16,44,56.8,60.0,2,530.18,Basic
CUS-01344,29,Semi_Urban,iOS,Auto_Debit,24,463.2,26.18,52,46.6,77.1,0,795.3,Standard
CUS-01257,40,Urban,Android,UPI,55,746.4,28.4,92,18.9,104.9,0,899.17,Standard
CUS-00953,36,Metro,Android,UPI,39,249.7,5.68,46,84.3,16.9,3,505.91,Basic
CUS-00500,26,Semi_Urban,Android,Auto_Debit,29,503.1,17.31,15,40.3,47.7,5,682.3,Standard
CUS-01374,43,Metro,iOS,UPI,7,589.5,26.25,38,29.2,110.9,1,826.65,Standard
CUS-01134,34,Metro,Android,Cash,28,353.4,15.36,51,35.2,79.9,4,520.31,Basic
CUS-02284,61,Urban,iOS,Auto_Debit,27,610.3,16.0,39,11.2,18.2,1,836.59,Standard
CUS-01116,45,Urban,Feature_Phone,Auto_Debit,13,483.1,19.29,47,17.6,39.1,2,646.39,Basic
CUS-01243,65,Metro,Android,Auto_Debit,58,449.3,42.26,71,13.8,120.3,0,784.48,Premium
CUS-00197,27,Metro,Android,Cash,19,525.0,10.88,29,28.2,48.7,2,530.78,Basic
CUS-01059,67,Semi_Urban,Android,Auto_Debit,9,94.0,63.22,57,10.6,263.4,0,866.09,Premium
CUS-01280,68,Metro,Android,UPI,19,608.6,62.02,94,16.5,276.7,4,1183.76,Premium
CUS-00079,34,Semi_Urban,iOS,UPI,29,495.8,33.56,61,7.3,149.0,2,814.75,Standard
CUS-02171,61,Urban,Android,Card,14,561.3,5.86,31,3.6,33.1,1,539.53,Standard
CUS-00888,40,Metro,Android,Auto_Debit,13,510.1,17.75,115,16.5,65.0,3,797.2,Standard
CUS-01649,61,Urban,Android,UPI,48,371.1,16.94,50,7.6,96.7,3,581.53,Standard
CUS-01657,51,Urban,Android,UPI,33,228.3,17.29,46,18.5,59.4,1,709.6,Standard
CUS-00814,35,Metro,Feature_Phone,UPI,11,273.7,26.96,20,33.8,116.0,1,662.38,Standard
CUS-01267,29,Urban,iOS,Auto_Debit,21,260.7,42.18,95,8.9,179.3,4,1032.53,Premium
CUS-02382,56,Semi_Urban,iOS,Cash,15,536.2,20.64,100,5.9,98.4,0,747.91,Standard
CUS-01771,20,Semi_Urban,Feature_Phone,Auto_Debit,53,348.9,2.55,44,3.0,0.0,2,467.73,Basic
CUS-00613,27,Rural,Android,UPI,11,525.6,26.29,18,5.7,119.6,1,678.05,Standard
CUS-00682,63,Metro,Android,Auto_Debit,19,858.7,31.84,105,66.3,143.5,0,1013.31,Standard
CUS-02352,37,Semi_Urban,iOS,UPI,25,571.6,43.0,20,41.3,153.2,3,1089.21,Standard
CUS-01760,43,Urban,iOS,UPI,12,341.8,17.32,85,13.4,54.3,1,745.76,Standard
CUS-02090,64,Urban,Android,Cash,10,296.7,17.22,35,23.0,44.8,2,603.06,Standard
CUS-00679,40,Urban,iOS,Auto_Debit,14,313.9,13.68,21,22.5,26.7,1,571.44,Basic
CUS-00569,36,Urban,Android,Auto_Debit,14,168.4,12.44,115,20.7,84.0,0,514.9,Basic
CUS-01480,60,Urban,iOS,UPI,19,417.4,52.98,44,19.4,182.4,1,1024.01,Premium
CUS-00536,26,Semi_Urban,Android,UPI,18,535.3,24.31,63,21.2,68.2,1,681.35,Standard
CUS-01126,55,Metro,Android,Cash,18,781.5,50.72,12,25.2,187.0,1,1080.96,Premium
CUS-02068,35,Urban,Feature_Phone,Auto_Debit,84,248.1,11.13,7,11.4,39.5,0,514.45,Basic
CUS-01071,57,Metro,Android,Card,70,592.6,33.64,139,12.3,136.5,0,818.16,Premium
CUS-01723,42,Semi_Urban,Android,Cash,19,447.8,5.6,94,63.7,39.6,0,536.68,Standard
CUS-00316,24,Semi_Urban,iOS,Auto_Debit,6,394.9,42.69,110,5.9,214.1,2,860.03,Standard
CUS-00742,53,Urban,Android,Card,49,672.8,4.94,25,10.6,14.7,0,607.5,Basic
CUS-01859,19,Urban,Feature_Phone,Card,31,358.6,34.61,103,35.2,171.8,1,738.77,Standard
CUS-00071,62,Urban,Android,Auto_Debit,6,263.4,18.62,2,2.9,88.7,3,454.93,Standard
CUS-01402,20,Urban,Android,UPI,49,563.5,30.06,5,2.5,99.8,1,890.87,Standard
CUS-00367,28,Urban,Feature_Phone,UPI,24,466.2,1.81,16,39.4,32.6,0,520.57,Basic
CUS-00377,45,Urban,Android,Auto_Debit,22,657.9,9.76,25,51.1,39.8,0,630.32,Standard
CUS-01449,22,Semi_Urban,Android,Auto_Debit,11,486.2,144.22,12,61.4,420.0,2,1968.31,Premium
CUS-00627,24,Metro,Feature_Phone,UPI,41,565.9,29.67,21,55.8,131.7,1,892.95,Standard
CUS-01408,21,Urban,Feature_Phone,Cash,12,204.7,23.99,55,31.1,122.3,1,471.14,Basic
CUS-01475,51,Urban,Feature_Phone,Auto_Debit,32,596.1,0.1,22,6.9,0.0,4,537.27,Basic
CUS-01105,29,Rural,iOS,UPI,9,454.8,180.0,28,3.2,420.0,2,2346.28,Premium
CUS-00604,58,Metro,Android,Auto_Debit,42,423.6,12.01,253,58.4,68.9,1,746.97,Standard
CUS-02322,19,Metro,Android,Cash,13,362.2,55.73,242,32.9,232.3,1,961.56,Premium
CUS-01383,28,Urban,Android,Auto_Debit,47,681.5,11.07,26,23.6,44.4,4,809.07,Standard
CUS-00366,43,Semi_Urban,Feature_Phone,Auto_Debit,50,567.6,14.37,39,4.3,89.3,0,622.75,Standard
CUS-01236,44,Urban,Android,Cash,69,635.1,25.16,22,12.1,128.7,0,617.96,Standard
CUS-00304,34,Metro,Android,Auto_Debit,63,154.6,15.92,17,25.8,56.7,2,442.21,Basic
CUS-02252,50,Metro,Feature_Phone,UPI,33,350.5,1.07,142,16.9,0.0,1,180.0,Basic
CUS-01131,31,Rural,iOS,Auto_Debit,81,321.7,38.87,41,51.4,179.7,2,891.59,Premium
CUS-00586,34,Rural,iOS,UPI,28,20.0,33.13,59,17.1,189.4,0,700.51,Standard
CUS-01985,60,Metro,Android,Auto_Debit,26,561.7,14.98,27,24.9,42.6,1,689.23,Standard
CUS-00842,23,Urban,Android,Auto_Debit,47,300.5,5.94,143,79.7,23.1,3,422.84,Basic
CUS-01287,39,Urban,Feature_Phone,Auto_Debit,38,347.1,0.1,108,18.8,0.0,1,368.48,Basic
CUS-02325,62,Metro,Android,UPI,17,564.0,8.64,23,41.2,12.7,5,548.35,Standard
CUS-01809,31,Urban,Android,Card,18,234.2,18.31,31,17.5,110.8,2,646.3,Standard
CUS-00811,37,Metro,Android,Cash,29,309.5,41.52,90,25.1,158.7,0,827.94,Standard
CUS-02079,46,Urban,Android,Auto_Debit,28,624.6,9.69,146,26.2,17.8,1,548.88,Basic
CUS-00473,47,Rural,iOS,Auto_Debit,8,437.1,30.49,26,48.0,126.9,1,782.47,Standard
CUS-00815,46,Rural,Feature_Phone,Card,14,530.8,29.04,24,10.4,128.7,3,694.97,Standard
CUS-00957,69,Urban,Feature_Phone,Card,73,662.1,0.1,12,18.4,11.8,2,475.03,Basic
CUS-01415,25,Metro,iOS,UPI,15,104.9,17.98,10,39.5,42.0,0,617.89,Basic
CUS-02131,27,Rural,Android,Card,34,313.5,20.45,46,92.4,90.9,1,662.17,Standard
CUS-00279,18,Semi_Urban,Feature_Phone,Auto_Debit,5,687.9,0.1,74,8.9,0.0,1,552.66,Basic
CUS-00716,28,Metro,iOS,Auto_Debit,9,392.9,37.47,52,13.3,159.0,1,873.66,Premium
CUS-01600,23,Semi_Urban,Android,Card,35,360.2,32.18,111,14.3,138.8,2,696.35,Standard
CUS-01229,43,Urban,Android,UPI,2,406.9,17.17,58,18.3,60.4,0,603.26,Standard
CUS-00219,25,Semi_Urban,iOS,Auto_Debit,13,655.3,22.72,87,34.4,108.0,0,879.35,Standard
CUS-01631,47,Urban,Android,Card,32,435.7,12.39,37,21.6,39.6,1,546.67,Basic
CUS-00288,24,Metro,iOS,Cash,7,189.3,24.26,109,26.6,84.2,2,539.79,Standard
CUS-00433,67,Rural,Android,UPI,80,817.7,17.84,97,31.3,72.3,0,725.69,Standard
CUS-00456,66,Metro,Feature_Phone,UPI,39,756.8,0.1,37,10.6,0.0,1,391.67,Basic
CUS-01734,62,Metro,Android,Cash,5,313.3,3.39,31,29.3,27.9,0,485.27,Basic
CUS-01341,31,Metro,Android,Auto_Debit,11,442.8,40.73,62,33.2,166.6,0,960.22,Standard
CUS-00462,36,Urban,Android,Auto_Debit,84,545.3,16.3,45,39.2,87.2,3,703.13,Standard
CUS-00511,35,Metro,Feature_Phone,UPI,22,336.6,2.22,24,29.7,55.9,1,457.23,Basic
CUS-02134,31,Semi_Urban,Android,Auto_Debit,30,747.6,40.09,32,43.5,143.0,1,1037.05,Standard
CUS-01957,59,Semi_Urban,Android,UPI,12,443.7,5.82,44,7.2,45.9,0,364.3,Basic
CUS-02259,35,Semi_Urban,Android,Auto_Debit,40,462.1,21.67,59,17.4,89.2,0,723.3,Standard
CUS-00647,39,Metro,Android,UPI,22,354.8,9.28,53,43.8,56.9,0,475.63,Standard
CUS-00730,42,Semi_Urban,Android,Cash,34,448.4,31.09,99,13.9,112.2,2,731.28,Standard
CUS-00598,27,Semi_Urban,iOS,Card,21,581.3,12.68,23,77.5,3.6,2,690.26,Standard
CUS-00739,46,Metro,Feature_Phone,UPI,16,285.0,4.69,47,44.1,28.0,0,370.71,Basic
CUS-01442,42,Semi_Urban,Android,Card,14,629.1,22.7,60,11.5,87.2,1,598.26,Standard
CUS-01974,27,Urban,Android,Cash,15,578.8,33.23,33,0.7,103.3,1,810.73,Standard
CUS-01698,70,Semi_Urban,iOS,Auto_Debit,16,465.1,56.81,62,15.8,210.0,0,1095.84,Premium
CUS-01854,23,Rural,Android,Auto_Debit,31,747.5,7.35,73,23.1,2.2,1,738.29,Standard
CUS-01518,45,Semi_Urban,Android,UPI,27,489.2,8.93,36,22.7,33.8,1,605.39,Basic
CUS-02162,42,Metro,Android,Auto_Debit,42,807.7,37.99,39,88.6,152.4,1,1115.78,Standard
CUS-02269,36,Metro,Feature_Phone,Card,24,197.9,31.86,88,19.2,157.0,0,735.89,Standard
CUS-02039,24,Semi_Urban,Android,Auto_Debit,72,332.9,17.4,18,20.4,80.5,1,667.26,Basic
CUS-02394,69,Urban,Android,UPI,29,447.5,11.21,34,0.3,34.6,0,501.79,Standard
CUS-01567,29,Urban,Android,Card,11,522.0,5.79,71,17.0,0.0,2,474.3,Standard
CUS-02147,19,Metro,Android,Auto_Debit,51,218.6,11.77,33,58.9,31.7,2,406.34,Basic
CUS-00946,36,Urban,Android,Cash,5,294.5,31.48,71,28.1,121.5,1,657.72,Standard
CUS-00018,62,Semi_Urban,Android,Auto_Debit,19,522.9,5.59,14,8.7,27.2,0,513.13,Standard
CUS-01162,54,Urban,Feature_Phone,Card,46,670.5,12.88,82,23.4,27.1,4,759.19,Basic
CUS-01574,64,Semi_Urban,iOS,Card,13,671.8,11.47,19,47.0,66.1,0,728.92,Standard
CUS-01199,49,Rural,Android,UPI,24,349.8,16.4,64,6.6,95.3,0,428.01,Basic
CUS-00819,38,Urban,Android,Card,31,20.0,5.89,16,9.3,12.3,2,233.19,Basic
CUS-01397,44,Semi_Urban,Android,UPI,10,662.5,62.71,50,77.1,223.0,5,1297.19,Premium
CUS-01066,59,Urban,Android,UPI,18,512.0,23.53,71,27.4,26.0,1,712.64,Standard
CUS-00735,23,Semi_Urban,Feature_Phone,Card,43,468.1,3.58,36,17.7,0.0,0,448.1,Basic
CUS-01914,28,Metro,Feature_Phone,Auto_Debit,13,419.9,0.1,75,11.7,0.0,1,327.4,Basic
CUS-00751,67,Rural,Android,Card,5,719.4,9.62,53,24.6,35.3,0,603.09,Standard
CUS-01664,49,Semi_Urban,iOS,UPI,5,655.1,24.77,64,47.3,109.7,1,884.63,Standard
CUS-01469,68,Rural,Android,Card,13,20.0,16.42,57,15.3,32.8,3,339.39,Basic
CUS-01831,53,Metro,iOS,Card,36,854.8,22.81,62,42.0,94.2,1,836.46,Standard
CUS-01651,44,Urban,Feature_Phone,Auto_Debit,65,211.0,52.84,3,14.0,181.3,0,887.12,Premium
CUS-00891,45,Urban,Android,Auto_Debit,15,400.8,12.97,49,106.2,60.5,1,595.28,Basic
CUS-01461,65,Metro,Android,Auto_Debit,61,325.0,121.97,32,20.4,420.0,0,1788.82,Premium
CUS-02043,63,Rural,Android,Card,50,490.0,10.72,2,73.6,27.1,0,520.45,Basic
CUS-00001,31,Metro,Android,Cash,13,285.3,31.13,106,45.0,107.7,1,677.04,Standard
CUS-02387,44,Rural,Android,Auto_Debit,45,532.7,13.19,19,35.3,44.7,1,550.72,Standard
CUS-01454,31,Metro,iOS,Card,61,212.8,77.17,95,27.3,317.2,2,1232.69,Premium
CUS-00458,24,Urban,Android,Card,18,20.0,13.44,75,23.6,54.4,4,446.17,Basic
CUS-02020,39,Metro,Android,Cash,51,448.0,25.57,31,26.5,122.1,0,760.31,Standard
CUS-00204,31,Metro,Android,Auto_Debit,61,502.0,32.12,47,53.9,138.3,0,773.73,Standard
CUS-00348,37,Semi_Urban,Android,UPI,29,375.0,16.27,40,11.5,71.6,0,440.91,Standard
CUS-01026,23,Rural,Android,Cash,8,557.7,17.97,27,15.9,70.5,4,588.9,Standard
CUS-01181,27,Rural,Android,UPI,8,390.0,2.52,39,13.7,43.3,1,493.57,Basic
CUS-02177,44,Semi_Urban,iOS,UPI,68,469.0,70.89,72,9.7,300.7,0,1403.37,Premium
CUS-00050,67,Semi_Urban,Android,Auto_Debit,13,628.2,25.52,64,18.0,145.7,2,690.12,Standard
CUS-00503,48,Urban,Android,UPI,29,476.4,44.95,38,54.4,191.4,1,948.97,Standard
CUS-00482,30,Semi_Urban,Android,UPI,10,473.3,53.03,41,24.5,178.7,1,1017.86,Premium
CUS-01189,51,Rural,Android,Auto_Debit,24,519.0,8.05,57,35.0,34.8,0,614.0,Basic
CUS-00104,64,Metro,iOS,Cash,39,451.9,50.29,13,54.7,206.6,2,1094.28,Premium
CUS-00414,62,Metro,Android,UPI,48,583.5,14.98,67,43.9,80.5,3,635.32,Standard
CUS-00917,21,Semi_Urban,Android,Auto_Debit,15,501.8,8.64,27,2.0,48.7,1,524.95,Basic
CUS-00165,49,Urban,Android,Auto_Debit,31,541.8,4.51,142,9.6,43.5,0,539.73,Basic
CUS-01581,27,Urban,Android,Auto_Debit,18,193.1,27.8,147,58.4,118.6,3,566.96,Standard
CUS-01237,32,Urban,iOS,Cash,55,699.1,54.09,30,8.6,265.3,1,1167.89,Premium
CUS-01680,44,Rural,iOS,Card,18,455.2,23.06,131,9.4,83.5,0,747.43,Standard
CUS-01783,18,Urban,Android,UPI,13,532.3,10.42,33,13.5,9.1,1,560.84,Basic
CUS-01153,62,Semi_Urban,Android,UPI,8,274.9,29.36,19,18.8,145.5,1,675.32,Standard
CUS-00667,18,Rural,Android,Auto_Debit,15,20.0,6.49,350,32.4,33.4,2,332.4,Basic
CUS-01816,40,Metro,Android,UPI,75,530.2,12.48,42,60.3,28.5,2,658.1,Basic
CUS-01804,33,Urban,Android,UPI,28,786.1,11.76,42,25.8,55.3,0,688.83,Standard
CUS-00224,40,Urban,Android,Auto_Debit,23,462.3,20.78,138,37.3,108.1,2,761.75,Standard
CUS-00695,26,Rural,Android,Card,34,248.0,12.05,46,14.7,69.0,1,423.39,Basic
CUS-00513,25,Metro,iOS,UPI,10,44.6,22.43,16,68.4,83.0,1,571.5,Standard
CUS-02380,64,Urban,Android,Auto_Debit,39,96.1,10.29,6,10.6,47.3,1,401.73,Basic
CUS-01328,47,Metro,Android,Card,33,304.8,10.66,4,27.1,52.7,1,611.28,Standard
CUS-00790,21,Urban,Android,UPI,20,468.0,6.2,81,15.2,19.5,0,458.2,Basic
CUS-02263,67,Semi_Urban,Android,Auto_Debit,11,589.1,25.1,16,14.6,52.3,2,707.91,Standard
CUS-01414,33,Urban,Android,UPI,10,378.4,24.86,57,35.1,97.0,2,703.28,Standard
CUS-00059,30,Rural,Android,Cash,17,186.9,13.03,49,10.2,28.6,1,440.59,Basic
CUS-01727,38,Semi_Urban,Android,Auto_Debit,59,615.4,20.49,30,14.2,67.8,0,577.36,Standard
CUS-00401,18,Metro,iOS,Auto_Debit,57,333.5,27.38,8,48.3,111.3,0,791.94,Standard
CUS-01340,40,Metro,Android,Auto_Debit,45,411.9,6.86,26,10.7,26.8,2,462.64,Basic
CUS-01685,43,Metro,Android,Cash,5,630.6,22.84,155,14.0,148.7,0,791.99,Standard
CUS-01611,59,Semi_Urban,Android,UPI,35,200.5,25.79,85,4.4,102.7,1,565.35,Standard
CUS-00298,46,Rural,iOS,UPI,20,733.2,38.22,14,30.7,146.6,1,908.02,Standard
CUS-01625,66,Rural,iOS,UPI,68,258.6,29.15,52,22.5,137.7,1,674.39,Standard
CUS-01776,18,Metro,Android,Auto_Debit,52,454.8,24.18,28,77.5,126.6,1,694.17,Standard
CUS-01875,40,Semi_Urban,iOS,Cash,11,306.8,49.13,30,49.1,236.7,1,1124.04,Premium
CUS-00929,68,Rural,Android,Auto_Debit,19,516.6,8.66,8,4.9,22.4,0,552.97,Standard
CUS-01528,35,Semi_Urban,Android,Cash,15,314.6,23.35,30,27.6,100.8,2,559.73,Standard
CUS-00829,19,Metro,Android,UPI,29,188.0,12.63,5,20.9,69.5,0,406.47,Basic
CUS-01885,38,Semi_Urban,Android,Auto_Debit,33,332.7,11.77,45,33.0,75.8,1,628.47,Basic
CUS-00254,31,Urban,Android,Auto_Debit,18,512.5,14.57,151,3.7,41.5,0,487.73,Standard
CUS-02081,70,Semi_Urban,Android,Auto_Debit,57,432.2,41.9,40,23.5,148.9,0,954.6,Premium
CUS-02390,53,Semi_Urban,iOS,Auto_Debit,22,261.7,50.23,28,18.5,202.8,2,933.34,Premium
CUS-01997,48,Metro,Android,UPI,10,708.8,18.89,54,38.3,100.0,3,840.63,Standard
CUS-00787,58,Metro,iOS,Auto_Debit,9,971.8,130.68,54,37.1,420.0,0,2226.81,Premium
CUS-01380,48,Urban,Android,Auto_Debit,81,96.5,30.47,16,2.2,115.7,2,681.98,Premium
CUS-00797,35,Semi_Urban,iOS,UPI,50,566.0,78.31,31,17.0,354.8,1,1263.18,Premium
CUS-01435,48,Semi_Urban,iOS,UPI,45,241.7,27.02,12,20.7,138.7,1,708.34,Basic
CUS-00042,29,Metro,Android,UPI,19,79.5,75.32,21,36.7,306.9,1,1232.8,Premium
CUS-02108,67,Urban,Android,Card,6,392.9,21.93,29,7.2,90.5,0,556.11,Standard
CUS-02340,37,Semi_Urban,Android,Auto_Debit,22,355.2,7.54,16,46.0,55.6,3,569.28,Basic
CUS-01686,45,Semi_Urban,Android,Auto_Debit,9,391.0,12.17,18,5.3,25.2,0,521.67,Standard
CUS-00086,70,Semi_Urban,iOS,UPI,49,550.3,17.43,25,69.3,68.5,0,806.72,Basic
CUS-00485,34,Metro,Feature_Phone,UPI,25,351.7,0.1,58,49.8,10.6,1,394.1,Basic
CUS-00172,31,Semi_Urban,Android,Auto_Debit,21,659.5,46.91,58,13.9,202.0,2,1031.43,Standard
CUS-00520,23,Rural,iOS,Auto_Debit,64,674.1,48.79,21,41.7,214.7,1,1243.25,Premium
CUS-00431,27,Metro,Android,Auto_Debit,56,445.3,27.87,38,32.6,85.9,1,732.85,Standard
CUS-00095,18,Rural,Feature_Phone,Card,24,243.9,0.1,22,7.3,44.1,1,360.41,Basic
CUS-02373,63,Urban,Android,UPI,54,302.4,121.76,67,3.0,420.0,2,1778.45,Premium
CUS-00434,46,Metro,Android,Auto_Debit,14,391.0,5.93,73,18.9,0.0,2,444.59,Basic
CUS-01110,26,Metro,Android,Auto_Debit,44,330.2,32.8,68,53.1,130.1,1,764.42,Standard
CUS-00093,44,Urban,Android,Card,62,205.8,20.76,54,65.3,137.7,1,630.98,Basic
CUS-01936,31,Semi_Urban,Android,Card,60,530.7,38.49,22,20.7,160.7,1,819.1,Standard
CUS-01916,21,Metro,Android,Card,27,351.9,45.53,44,10.4,163.9,0,864.09,Premium
CUS-00817,36,Urban,Android,Auto_Debit,27,494.0,15.43,51,10.1,82.1,0,602.55,Standard
CUS-00998,29,Rural,Android,Auto_Debit,46,360.3,42.38,69,16.9,202.5,3,770.54,Standard
CUS-01539,46,Urban,Android,Auto_Debit,17,534.7,18.72,48,50.9,84.0,2,717.38,Standard
CUS-02024,55,Metro,Android,UPI,41,718.3,16.05,194,29.9,62.9,0,762.06,Standard
CUS-00335,50,Metro,Feature_Phone,Auto_Debit,36,357.7,6.75,89,10.2,16.4,0,537.9,Basic
CUS-00415,20,Urban,Android,Card,73,238.3,5.44,25,19.8,60.0,1,385.06,Basic
CUS-00015,47,Semi_Urban,Android,UPI,25,414.9,14.85,53,6.6,83.7,1,608.28,Standard
CUS-01370,44,Rural,Android,UPI,28,607.6,96.74,64,38.3,420.0,0,1563.12,Premium
CUS-00496,26,Metro,Android,Auto_Debit,47,469.2,54.03,53,48.1,200.0,1,937.5,Premium
CUS-02048,44,Metro,Android,Cash,16,469.5,22.56,42,33.7,128.9,0,819.96,Standard
CUS-00052,60,Metro,iOS,Auto_Debit,46,540.4,19.6,13,50.3,121.8,0,850.19,Standard
CUS-01643,25,Urban,Android,UPI,16,392.2,7.32,180,73.4,39.7,0,551.63,Basic
CUS-00841,59,Semi_Urban,Android,Auto_Debit,35,567.3,37.79,72,17.3,180.6,3,941.01,Standard
CUS-01798,21,Urban,Android,Auto_Debit,34,345.3,5.52,41,6.8,52.2,2,391.83,Basic
CUS-01095,49,Urban,Android,Auto_Debit,12,565.9,15.3,47,38.9,51.2,0,721.38,Standard
CUS-01393,19,Urban,iOS,Auto_Debit,31,560.4,24.56,76,51.4,122.5,3,820.43,Standard
CUS-01161,70,Urban,Android,Card,48,798.9,22.31,11,14.1,98.3,0,839.22,Standard
CUS-01639,43,Rural,Android,Auto_Debit,30,274.1,28.84,227,14.1,102.9,0,633.27,Standard
CUS-01096,38,Urban,Feature_Phone,Card,33,619.4,0.1,73,15.0,5.0,0,473.4,Basic
CUS-02101,51,Metro,iOS,UPI,8,771.4,19.72,32,25.8,98.8,3,850.97,Standard
CUS-02085,47,Urban,Android,Auto_Debit,37,599.9,67.63,11,1.2,281.5,1,1201.82,Premium
CUS-01874,64,Urban,Android,Cash,20,580.1,29.25,11,49.5,128.1,1,819.8,Standard
CUS-01235,39,Urban,Android,Auto_Debit,18,506.5,29.3,14,35.4,119.0,1,731.57,Standard
CUS-01636,44,Urban,Android,Cash,50,500.4,5.0,6,36.1,0.0,1,467.07,Basic
CUS-02245,21,Urban,Android,Auto_Debit,71,226.5,30.17,109,5.2,120.7,1,729.05,Standard
CUS-00270,70,Urban,Android,Auto_Debit,9,584.0,9.31,36,22.5,39.1,2,590.79,Basic
CUS-02114,48,Urban,iOS,Auto_Debit,27,514.6,13.9,7,56.2,85.9,1,730.31,Standard
CUS-01331,60,Semi_Urban,Feature_Phone,Auto_Debit,26,550.5,0.1,38,37.2,0.0,0,475.96,Basic
CUS-01870,45,Semi_Urban,Android,Cash,39,484.2,30.08,58,26.8,118.9,0,808.72,Standard
CUS-00058,30,Rural,Android,Card,51,643.4,19.07,128,35.1,109.2,0,701.75,Standard
CUS-00206,30,Urban,Feature_Phone,Card,14,310.8,0.1,76,10.1,0.0,0,320.19,Basic
CUS-00903,70,Metro,Android,Auto_Debit,20,663.2,4.45,30,68.3,38.3,1,579.3,Standard
CUS-01773,24,Metro,Feature_Phone,UPI,48,567.4,31.18,71,30.1,109.9,1,778.61,Standard
CUS-00906,68,Semi_Urban,iOS,Auto_Debit,2,427.4,12.96,21,32.7,107.3,2,632.41,Basic
CUS-00413,62,Urban,Android,Auto_Debit,31,78.4,10.37,51,94.8,11.2,2,492.53,Basic
CUS-00916,59,Urban,Android,Auto_Debit,24,613.1,11.09,34,46.4,74.0,0,555.42,Standard
CUS-02379,66,Rural,iOS,Card,48,534.5,25.3,50,26.0,105.1,1,766.51,Standard
CUS-00634,26,Urban,Android,Cash,5,344.5,11.56,46,1.8,20.9,3,434.6,Standard
CUS-02102,63,Urban,Feature_Phone,Auto_Debit,37,189.5,44.71,23,24.1,194.1,2,868.13,Standard
CUS-00281,53,Metro,iOS,Auto_Debit,14,624.4,19.82,33,61.8,125.9,1,756.61,Standard
CUS-02009,23,Urban,iOS,Card,16,497.0,28.46,57,11.5,114.5,2,970.99,Standard
CUS-02354,36,Rural,Android,UPI,77,589.3,22.95,24,88.6,80.6,0,860.47,Standard
CUS-01204,56,Urban,iOS,Card,33,432.8,62.1,73,36.2,277.8,0,1274.93,Premium
CUS-00990,33,Rural,Android,UPI,27,426.0,22.77,109,31.3,114.4,1,641.89,Standard
CUS-01317,34,Metro,Android,UPI,41,306.4,28.79,11,10.7,122.9,0,721.35,Standard
CUS-01068,30,Urban,Feature_Phone,UPI,20,633.9,6.42,57,6.0,40.5,0,686.27,Basic
CUS-00152,67,Metro,Android,Card,18,381.0,17.29,43,26.7,87.7,2,494.96,Standard
CUS-02197,29,Semi_Urban,Android,Card,16,26.4,20.64,42,60.7,106.4,0,406.65,Standard
CUS-02315,31,Metro,Feature_Phone,Card,34,216.7,17.99,28,32.1,68.6,1,639.88,Basic
CUS-00688,66,Metro,Android,UPI,7,463.7,32.0,113,71.4,117.9,1,821.69,Standard
CUS-00809,40,Urban,Android,Card,72,240.3,11.3,27,28.2,57.1,3,467.0,Basic
CUS-00186,29,Metro,Android,Card,29,83.8,9.19,28,65.5,25.3,0,331.13,Basic
CUS-00004,35,Rural,Feature_Phone,Card,56,519.8,0.1,24,5.0,6.6,0,437.18,Basic
CUS-02360,43,Semi_Urban,Android,Auto_Debit,51,651.8,28.51,96,17.9,131.2,1,703.57,Standard
CUS-00732,58,Rural,Feature_Phone,UPI,47,594.7,0.1,51,19.6,6.6,0,439.41,Basic
CUS-01183,18,Metro,Android,Cash,38,351.3,22.34,64,28.3,94.7,4,602.21,Standard
CUS-00226,46,Metro,Android,Cash,11,624.0,10.99,70,125.0,35.6,2,736.64,Standard
CUS-00203,30,Urban,iOS,Auto_Debit,17,484.8,27.88,55,49.2,124.7,0,816.79,Standard
CUS-02243,41,Urban,Android,Auto_Debit,7,408.8,12.02,102,40.2,63.1,3,599.63,Standard
CUS-02026,50,Urban,Android,UPI,84,529.1,5.08,10,9.6,9.9,0,568.33,Basic
CUS-02045,37,Metro,Android,Auto_Debit,17,166.0,16.24,52,91.1,54.9,0,502.17,Basic
CUS-00911,41,Metro,Android,Auto_Debit,37,430.5,35.11,56,22.0,157.1,2,881.93,Standard
CUS-00242,48,Rural,Android,UPI,8,570.2,17.0,3,38.2,88.2,0,648.74,Standard
CUS-01807,53,Semi_Urban,Android,UPI,59,545.3,3.77,79,40.7,0.4,2,611.28,Basic
CUS-00409,68,Urban,iOS,UPI,47,552.2,28.57,71,49.7,113.9,1,1014.75,Standard
CUS-01642,30,Rural,iOS,Auto_Debit,23,568.5,59.4,12,29.5,257.4,0,1386.61,Premium
CUS-01171,37,Urban,iOS,Card,84,517.8,17.57,56,26.6,74.5,1,655.42,Standard
CUS-01563,20,Urban,Android,Auto_Debit,24,511.1,26.71,28,30.3,64.0,0,648.23,Standard
CUS-01609,37,Urban,Android,Card,45,548.6,25.56,75,7.5,122.4,0,732.68,Standard
CUS-01536,20,Metro,iOS,UPI,10,646.3,13.5,18,22.8,70.3,2,712.95,Standard
CUS-01553,34,Metro,iOS,Card,41,577.1,40.98,48,60.4,185.5,1,960.05,Standard
CUS-01213,61,Metro,Android,Auto_Debit,42,277.3,22.8,100,45.2,90.8,0,596.2,Standard
CUS-01546,46,Urban,Android,Auto_Debit,23,365.7,4.36,101,50.0,56.9,2,624.09,Basic
CUS-02218,63,Semi_Urban,Feature_Phone,UPI,71,258.2,8.66,95,9.5,36.2,1,629.29,Basic
CUS-02137,47,Rural,iOS,UPI,47,314.9,23.03,28,48.0,103.5,2,766.22,Standard
CUS-01515,59,Urban,Android,UPI,22,360.6,6.48,19,1.1,11.7,3,464.88,Basic
CUS-00141,49,Urban,Android,UPI,26,522.2,96.92,130,20.7,418.8,0,1487.74,Premium
CUS-01703,30,Metro,iOS,UPI,13,502.5,62.26,82,31.5,234.0,2,1144.62,Premium
CUS-01390,54,Urban,Android,Card,48,824.8,18.24,52,23.7,36.1,3,729.52,Standard
CUS-01628,62,Metro,Feature_Phone,Auto_Debit,58,385.8,5.14,51,15.3,35.0,0,546.96,Basic
CUS-02169,42,Urban,Android,UPI,44,398.1,89.7,1,4.4,354.4,3,1344.75,Premium
CUS-02278,26,Metro,Android,UPI,43,664.2,29.39,25,16.9,141.2,1,805.81,Standard
CUS-01252,20,Semi_Urban,Android,Auto_Debit,41,311.2,26.22,5,15.6,110.0,0,652.44,Standard
CUS-02276,27,Metro,Android,Cash,10,282.2,26.41,42,11.3,117.7,2,655.78,Standard
CUS-01302,28,Metro,Android,Cash,19,343.8,13.9,9,28.1,95.8,0,561.02,Standard
CUS-01195,69,Metro,Feature_Phone,Card,41,319.0,35.21,94,17.5,125.8,1,752.46,Standard
CUS-01802,41,Semi_Urban,Android,Cash,22,297.1,11.9,51,80.9,35.5,0,538.88,Basic
CUS-00886,31,Urban,Feature_Phone,UPI,22,683.3,16.45,65,14.9,77.3,0,732.35,Basic
CUS-00704,21,Urban,Android,UPI,8,453.2,10.87,83,24.4,40.7,2,575.84,Standard
CUS-01336,66,Urban,Android,Card,31,271.8,9.97,73,18.3,59.9,1,481.35,Basic
CUS-01426,70,Metro,Android,UPI,32,255.9,28.27,59,18.4,107.3,0,742.27,Premium
CUS-00022,26,Metro,Android,Auto_Debit,20,345.1,30.41,10,36.6,76.0,1,740.43,Standard
CUS-00262,39,Metro,Android,Cash,5,314.3,1.75,67,21.1,0.0,3,371.11,Basic
CUS-00706,19,Semi_Urban,iOS,Auto_Debit,13,401.7,47.03,13,13.9,217.0,2,1097.46,Premium
CUS-02290,25,Semi_Urban,Android,Auto_Debit,4,703.4,12.17,28,70.1,74.5,1,692.17,Standard
CUS-00470,60,Metro,iOS,Cash,10,398.5,25.54,47,27.5,82.9,0,828.32,Standard
CUS-02168,70,Semi_Urban,Android,Auto_Debit,55,362.4,9.72,17,2.8,61.4,1,482.22,Standard
CUS-00762,44,Metro,Android,Card,19,331.4,14.99,108,55.4,81.5,1,644.58,Standard
CUS-00861,32,Semi_Urban,Android,Cash,29,275.3,4.79,14,15.8,0.0,2,355.11,Basic
CUS-01418,59,Urban,Android,Card,13,827.0,13.93,136,38.7,81.6,4,823.46,Standard
CUS-01947,53,Semi_Urban,Android,UPI,12,588.2,16.21,6,2.8,98.7,0,666.0,Standard
CUS-01190,26,Rural,iOS,UPI,34,540.9,75.22,53,31.5,317.2,1,1365.5,Premium
CUS-02238,51,Rural,Feature_Phone,UPI,84,715.5,29.49,71,64.8,124.2,2,950.01,Standard
CUS-00573,31,Rural,Feature_Phone,Auto_Debit,41,552.3,0.1,53,45.3,20.4,0,527.94,Basic
CUS-02270,60,Semi_Urban,iOS,Auto_Debit,19,577.9,14.54,47,15.9,51.8,1,797.75,Standard
CUS-01198,49,Rural,iOS,Card,23,480.9,40.27,86,58.1,199.5,1,1025.77,Standard
CUS-00824,26,Rural,Android,Auto_Debit,28,408.7,12.95,66,4.9,46.7,3,673.62,Basic
CUS-02306,66,Urban,Android,Card,66,612.8,7.08,74,50.8,26.3,1,666.52,Basic
CUS-00856,43,Urban,Android,Cash,34,323.6,5.46,16,20.2,51.4,0,427.29,Basic
CUS-02133,66,Metro,Feature_Phone,Cash,27,237.7,10.06,57,29.9,72.2,1,526.31,Basic
CUS-02227,48,Urban,Android,Auto_Debit,15,492.4,16.05,90,10.9,60.8,1,587.01,Basic
CUS-01375,30,Rural,iOS,Auto_Debit,9,463.6,16.83,98,22.0,39.4,2,558.8,Standard
CUS-00621,39,Urban,Android,Cash,25,356.7,6.97,58,6.3,39.0,0,486.86,Basic
CUS-01527,36,Urban,Android,UPI,39,279.0,30.74,117,6.8,149.7,0,611.0,Standard
CUS-02192,40,Metro,Android,Auto_Debit,44,617.3,17.41,26,19.5,84.8,2,632.06,Standard
CUS-00499,35,Urban,Android,UPI,43,465.2,37.75,20,32.2,167.5,1,850.98,Standard
CUS-01684,67,Rural,iOS,UPI,13,239.4,20.52,29,22.5,63.4,2,836.64,Standard
CUS-00308,65,Urban,Android,UPI,59,324.7,64.07,75,8.2,236.8,2,1057.41,Premium
CUS-00984,69,Semi_Urban,Android,UPI,16,429.3,12.41,72,23.2,53.8,0,475.88,Standard
CUS-01276,55,Semi_Urban,Android,Card,19,514.2,38.36,22,9.4,159.8,1,810.46,Standard
CUS-00860,31,Urban,Feature_Phone,Card,20,538.6,3.43,40,18.0,21.5,3,628.67,Basic
CUS-02046,18,Urban,Feature_Phone,Card,38,501.6,0.1,20,23.3,19.6,1,497.39,Basic
CUS-02207,60,Rural,Android,UPI,13,330.3,13.09,41,93.6,28.4,0,582.89,Basic
CUS-00089,36,Semi_Urban,Android,Card,29,308.3,10.4,135,69.1,31.9,0,519.95,Basic
CUS-01667,19,Urban,iOS,Card,30,54.5,19.18,5,26.3,64.1,3,584.93,Standard
CUS-01192,34,Urban,Android,Cash,23,670.3,5.21,116,20.9,51.3,1,626.66,Basic
CUS-02021,37,Metro,Android,Cash,22,71.0,36.1,20,30.6,167.5,1,633.67,Standard
CUS-00278,20,Urban,Android,UPI,66,321.9,38.85,50,29.9,243.8,0,827.53,Standard
CUS-01939,47,Urban,Android,Auto_Debit,22,595.0,18.8,43,31.7,47.2,1,743.81,Standard
CUS-01498,19,Metro,Feature_Phone,Cash,21,220.0,9.46,58,29.7,48.5,1,483.21,Basic
CUS-00851,52,Metro,Android,Card,38,421.6,20.87,50,10.0,111.8,0,610.26,Standard
CUS-01339,59,Metro,iOS,Cash,15,728.3,13.07,121,45.2,31.1,1,735.63,Standard
CUS-01029,58,Rural,iOS,Card,60,249.5,30.14,13,25.6,108.6,1,648.18,Standard
CUS-00758,31,Rural,Android,Auto_Debit,32,323.6,4.31,30,43.1,0.0,3,476.23,Basic
CUS-01289,69,Metro,iOS,Auto_Debit,62,877.5,59.78,102,26.8,276.0,1,1303.51,Premium
CUS-02154,69,Rural,Android,UPI,17,824.4,10.96,8,16.3,23.6,0,709.22,Standard
CUS-01832,69,Metro,Android,Auto_Debit,35,345.1,25.93,170,67.4,81.4,0,717.76,Standard
CUS-02061,45,Semi_Urban,Android,Card,41,496.6,18.67,31,5.1,82.3,0,580.26,Standard
CUS-01320,37,Urban,Android,Auto_Debit,73,462.3,8.74,40,71.0,43.2,1,578.64,Basic
CUS-01185,31,Metro,Feature_Phone,Card,82,660.1,21.46,2,34.9,92.1,1,779.1,Standard
CUS-00678,46,Semi_Urban,Android,Cash,11,96.1,24.18,17,6.2,124.4,0,496.57,Standard
CUS-00148,32,Rural,Android,Card,23,686.7,13.8,23,24.4,60.8,2,668.98,Standard
CUS-00164,45,Metro,Android,Auto_Debit,77,623.4,27.03,143,23.1,100.5,2,887.77,Standard
CUS-00859,32,Urban,Android,Auto_Debit,27,521.1,22.66,43,51.2,98.8,2,773.17,Standard
CUS-00652,59,Metro,iOS,Cash,13,505.4,72.39,75,27.9,310.3,0,1316.88,Premium
CUS-01348,46,Rural,iOS,Auto_Debit,84,313.1,43.63,120,73.0,198.9,1,1021.49,Standard
CUS-01554,66,Metro,iOS,Cash,14,586.4,23.24,39,30.2,70.8,1,721.12,Standard
CUS-01028,39,Metro,Android,UPI,18,372.1,16.1,96,22.3,48.2,1,611.19,Standard
CUS-01658,38,Rural,Android,UPI,10,416.8,13.09,32,58.1,43.6,2,655.6,Standard
CUS-01142,69,Urban,Android,UPI,32,337.6,6.99,84,27.2,108.7,0,612.65,Basic
CUS-02221,33,Urban,Android,Auto_Debit,7,243.9,4.93,148,13.2,13.7,1,461.73,Basic
CUS-00342,49,Urban,Android,Card,17,385.0,14.91,79,35.7,65.2,0,626.14,Standard
CUS-00388,39,Metro,Feature_Phone,Auto_Debit,12,594.7,28.63,50,82.9,109.9,0,883.48,Standard
CUS-01125,63,Urban,Feature_Phone,Cash,26,640.4,16.78,68,25.9,100.6,1,570.23,Basic
CUS-01766,21,Semi_Urban,Android,Auto_Debit,38,308.8,126.47,40,13.1,420.0,1,1760.78,Premium
CUS-01000,51,Urban,iOS,Cash,12,559.9,23.53,32,27.1,72.0,0,747.31,Standard
CUS-02165,45,Semi_Urban,Android,Card,35,668.0,16.36,39,41.0,20.9,0,677.74,Standard
CUS-02246,50,Rural,iOS,Auto_Debit,9,449.6,43.49,40,5.0,151.5,3,885.42,Premium
CUS-01569,24,Urban,Android,UPI,27,514.9,20.97,77,7.6,85.5,2,628.05,Standard
CUS-01240,57,Rural,Feature_Phone,Card,12,557.8,19.74,72,22.2,31.6,2,626.53,Basic
CUS-00112,33,Urban,Android,UPI,7,415.2,12.83,46,14.6,37.7,1,440.34,Standard
CUS-01433,32,Urban,Feature_Phone,Auto_Debit,17,213.6,0.1,39,30.7,0.0,3,385.93,Basic
CUS-00779,33,Urban,Android,Card,8,20.0,31.36,52,2.0,102.6,1,432.83,Standard
CUS-01965,51,Urban,Android,Card,84,755.7,12.59,36,159.8,38.0,2,790.77,Standard
CUS-00319,65,Rural,iOS,Auto_Debit,11,604.5,16.4,63,5.5,23.5,3,688.11,Standard
CUS-01281,29,Rural,Android,UPI,73,571.6,17.18,80,74.2,54.4,2,607.2,Standard
CUS-00002,41,Urban,Android,UPI,20,282.0,24.58,33,8.0,107.8,1,582.61,Standard
CUS-00422,25,Urban,Android,UPI,70,657.0,13.52,73,21.2,32.5,0,731.22,Standard
CUS-01447,38,Metro,Android,Card,36,562.3,8.07,5,27.9,55.3,1,682.9,Standard
CUS-00854,70,Metro,Android,UPI,63,749.7,54.73,56,17.7,219.0,3,1037.39,Premium
CUS-02279,31,Urban,Android,Auto_Debit,7,193.3,11.2,233,55.2,25.5,3,339.32,Basic
CUS-01399,40,Urban,iOS,Auto_Debit,48,516.4,16.94,77,1.7,69.5,1,805.91,Basic
CUS-01919,50,Metro,Feature_Phone,UPI,51,600.7,1.03,47,22.5,3.8,1,633.33,Basic
CUS-00480,28,Urban,Android,UPI,46,517.7,19.58,36,17.6,65.7,0,699.64,Standard
CUS-02049,52,Urban,Feature_Phone,Auto_Debit,43,567.5,18.18,55,7.6,74.3,1,735.77,Basic
CUS-01088,69,Urban,iOS,UPI,24,519.9,16.56,39,42.5,74.3,3,915.77,Standard
CUS-01784,52,Rural,Android,Auto_Debit,12,341.9,16.93,93,34.5,72.0,1,638.01,Basic
CUS-00125,24,Rural,Android,UPI,15,20.0,41.09,33,4.8,141.2,2,675.89,Standard
CUS-01497,41,Urban,iOS,Auto_Debit,2,375.9,41.61,32,8.7,168.6,1,911.59,Standard
CUS-02353,68,Semi_Urban,Android,Card,7,591.5,106.4,53,16.4,420.0,0,1725.42,Premium
CUS-00261,35,Semi_Urban,iOS,Card,27,399.2,12.58,54,4.5,32.5,1,562.35,Basic
CUS-01584,52,Metro,iOS,UPI,24,470.2,27.98,17,57.6,149.4,1,841.38,Standard
CUS-01818,54,Semi_Urban,Android,Auto_Debit,12,569.4,23.38,96,23.8,109.9,1,610.92,Standard
CUS-01880,63,Urban,iOS,UPI,21,537.2,13.94,22,9.6,13.4,0,823.65,Basic
CUS-01689,20,Rural,Android,Auto_Debit,8,313.9,12.31,56,7.5,49.4,2,411.87,Basic
CUS-01603,46,Urban,iOS,UPI,20,373.8,29.86,18,34.7,122.5,2,782.04,Standard
CUS-01063,37,Metro,Android,UPI,6,389.6,14.78,26,14.5,37.3,0,428.47,Standard
CUS-02349,59,Urban,iOS,Card,28,465.4,45.94,3,13.4,182.4,0,1021.61,Standard
CUS-01979,21,Urban,iOS,UPI,46,510.4,20.67,61,17.3,107.4,1,860.1,Basic
CUS-02225,35,Metro,Android,Card,13,201.9,70.03,21,46.2,290.3,0,987.17,Premium
CUS-00587,43,Rural,Feature_Phone,UPI,11,389.6,7.96,100,12.6,0.0,0,584.08,Basic
CUS-01290,27,Metro,Android,Card,18,426.2,46.16,19,21.1,153.1,1,799.75,Premium
CUS-01722,44,Semi_Urban,Android,Card,25,283.0,18.04,64,74.6,85.8,0,619.42,Standard
CUS-00583,20,Semi_Urban,Android,UPI,18,478.3,32.85,34,6.8,125.3,1,753.68,Standard
CUS-01564,52,Rural,Android,Card,36,313.6,27.79,51,36.3,134.6,1,758.95,Standard
CUS-00253,49,Metro,Android,Card,21,819.3,21.1,73,28.3,111.3,0,843.12,Standard
CUS-01001,60,Rural,Android,Card,12,549.0,30.03,66,24.2,104.8,0,831.83,Standard
CUS-00581,54,Urban,iOS,Cash,83,320.4,15.82,47,15.1,68.6,2,634.15,Standard
CUS-01970,43,Semi_Urban,Android,Auto_Debit,6,315.6,16.15,33,32.8,86.9,0,547.21,Standard
CUS-02037,34,Metro,Android,Card,38,287.7,24.34,59,37.9,107.8,1,656.75,Standard
CUS-01840,25,Rural,Android,UPI,20,436.2,15.43,30,3.2,52.7,1,537.29,Standard
CUS-02047,28,Urban,Android,Auto_Debit,9,728.0,11.15,73,0.3,29.7,0,635.19,Standard
CUS-01400,27,Semi_Urban,Android,UPI,20,330.7,13.87,28,20.8,62.5,1,475.04,Standard
CUS-00575,69,Semi_Urban,Android,Cash,20,792.0,29.54,23,72.3,114.7,3,953.07,Standard
CUS-00952,28,Metro,Android,Auto_Debit,35,333.9,46.16,75,26.1,217.8,1,789.92,Standard
CUS-00057,41,Metro,Android,Auto_Debit,27,20.0,28.43,123,58.9,120.6,0,488.26,Standard
CUS-01998,20,Urban,iOS,Auto_Debit,21,258.9,27.1,15,12.2,100.3,0,760.44,Standard
CUS-00074,44,Semi_Urban,Android,Cash,12,194.2,17.17,55,24.2,97.5,0,514.71,Standard
CUS-01995,42,Rural,Feature_Phone,UPI,60,223.8,27.52,30,26.7,89.7,2,696.15,Standard
CUS-00527,67,Urban,iOS,Auto_Debit,84,269.8,34.68,22,112.2,151.6,0,918.72,Standard
CUS-02077,51,Rural,iOS,Auto_Debit,21,284.9,19.53,14,44.8,87.1,2,711.85,Standard
CUS-00245,47,Rural,Android,UPI,21,334.2,14.73,23,50.9,50.2,1,592.81,Basic
CUS-00117,42,Urban,iOS,Card,12,315.7,56.69,31,0.7,212.8,3,1123.02,Premium
CUS-00649,45,Semi_Urban,Feature_Phone,Card,26,737.5,11.64,82,92.4,59.5,1,693.68,Standard
CUS-01323,48,Rural,Feature_Phone,Auto_Debit,15,257.4,1.56,119,10.4,0.0,4,338.45,Basic
CUS-00793,68,Semi_Urban,Android,Card,9,542.4,10.25,113,9.7,56.3,0,667.65,Standard
CUS-01710,53,Rural,Android,UPI,34,510.8,25.89,96,37.6,79.3,4,904.61,Standard
CUS-00294,43,Metro,iOS,Auto_Debit,59,312.1,14.48,76,50.7,53.0,1,746.39,Basic
CUS-00453,29,Semi_Urban,Feature_Phone,Auto_Debit,20,581.9,2.21,11,1.3,0.3,0,468.36,Basic
CUS-01617,69,Semi_Urban,iOS,Auto_Debit,35,491.8,19.22,25,0.4,57.0,1,684.45,Standard
CUS-00009,30,Urban,iOS,Auto_Debit,56,169.2,60.57,62,17.8,261.9,1,973.94,Premium
CUS-01168,27,Semi_Urban,iOS,UPI,84,776.6,24.65,5,30.0,90.4,2,995.4,Standard
CUS-02033,30,Urban,iOS,Cash,17,876.6,26.67,72,17.7,112.3,0,916.13,Standard
CUS-01404,64,Metro,Android,Card,10,592.1,23.87,109,22.9,92.7,1,742.11,Standard
CUS-00160,22,Metro,iOS,Card,13,639.6,18.7,114,24.8,123.8,1,726.3,Standard
CUS-02294,49,Urban,Android,Auto_Debit,6,639.5,9.4,50,26.1,27.1,2,616.79,Basic
CUS-00512,59,Metro,iOS,Card,24,542.4,88.94,58,36.3,372.2,0,1538.9,Premium
CUS-01601,20,Metro,iOS,UPI,24,192.5,60.14,86,17.8,252.6,1,1021.95,Premium
CUS-01976,22,Rural,Feature_Phone,UPI,18,385.8,0.95,18,41.3,31.0,0,278.27,Basic
CUS-01669,50,Urban,Android,UPI,10,601.6,11.13,24,12.3,33.7,2,588.89,Standard
CUS-01169,62,Urban,Android,Auto_Debit,16,806.1,13.24,110,13.7,75.4,0,643.45,Standard
CUS-01937,20,Urban,Feature_Phone,Auto_Debit,23,770.7,0.1,46,19.6,34.0,0,691.06,Basic
CUS-00476,40,Metro,Android,Cash,29,499.7,19.4,63,141.8,46.4,1,720.2,Standard
CUS-02115,56,Urban,Android,UPI,45,409.3,104.77,22,1.8,420.0,1,1526.75,Premium
CUS-01367,44,Metro,iOS,UPI,16,392.9,39.74,113,40.4,152.6,0,817.07,Standard
CUS-00260,56,Rural,Feature_Phone,UPI,3,285.4,1.35,17,1.2,0.4,2,355.32,Basic
CUS-01962,64,Urban,Android,Auto_Debit,52,236.2,51.89,191,48.6,213.5,1,906.8,Standard
CUS-00830,70,Urban,Android,UPI,11,397.2,10.76,50,10.7,49.7,2,535.41,Basic
CUS-00656,20,Semi_Urban,Android,Auto_Debit,84,605.1,3.54,24,68.4,0.0,0,581.76,Standard
CUS-01544,45,Urban,Android,Auto_Debit,25,85.6,46.81,2,48.1,191.8,2,865.22,Premium
CUS-00016,52,Urban,Android,UPI,28,250.0,24.49,8,30.1,77.4,0,563.78,Basic
CUS-02286,39,Metro,iOS,UPI,33,185.8,28.7,35,47.8,132.5,3,728.19,Standard
CUS-01468,24,Metro,Feature_Phone,Card,84,543.8,0.1,120,14.5,0.0,1,297.96,Basic
CUS-01355,31,Semi_Urban,Android,Card,33,247.8,13.02,32,12.7,83.2,1,577.33,Basic
CUS-00487,40,Metro,Android,Auto_Debit,24,370.2,8.25,43,24.3,7.7,1,555.92,Basic
CUS-02073,63,Semi_Urban,Android,UPI,83,752.2,9.71,21,11.8,41.2,2,681.59,Standard
CUS-00930,43,Metro,Android,UPI,7,229.5,10.83,103,71.3,15.3,2,616.84,Basic
CUS-00408,51,Urban,Android,Auto_Debit,36,661.3,19.08,15,78.2,45.6,1,864.17,Standard
CUS-02377,63,Metro,Android,Card,34,755.3,2.95,41,38.7,28.4,0,614.69,Basic
CUS-01351,58,Urban,Android,Card,28,507.0,5.22,85,13.4,0.0,0,563.92,Basic
CUS-01941,53,Urban,Android,Auto_Debit,84,777.6,22.29,35,4.4,82.9,0,820.16,Standard
CUS-00076,58,Semi_Urban,Android,Cash,44,627.7,11.98,94,20.5,13.7,0,523.75,Standard
CUS-01135,20,Rural,Android,Card,46,636.6,20.62,12,46.6,105.7,1,903.85,Standard
CUS-02058,68,Metro,Android,Card,9,466.7,35.33,15,27.0,146.5,0,921.04,Standard
CUS-01541,50,Metro,Android,Auto_Debit,51,358.0,18.76,34,47.1,53.4,0,662.04,Standard
CUS-00620,35,Metro,Android,Card,33,290.6,22.75,58,45.5,118.3,0,646.24,Standard
CUS-00510,23,Metro,Android,UPI,17,289.9,23.24,43,100.9,119.0,0,730.6,Standard
CUS-00902,62,Urban,Android,Auto_Debit,54,485.9,65.28,16,16.9,274.7,0,1142.94,Premium
CUS-02019,43,Semi_Urban,Android,Cash,74,275.1,23.57,85,3.4,106.8,1,720.79,Standard
CUS-00945,20,Metro,Android,Auto_Debit,14,393.8,11.42,54,38.6,55.5,0,627.99,Basic
CUS-01033,62,Urban,iOS,Auto_Debit,25,402.2,38.82,10,15.3,161.5,1,1017.65,Standard
CUS-00760,18,Urban,iOS,Auto_Debit,21,305.0,23.78,47,29.9,88.9,0,810.41,Basic
CUS-02042,46,Semi_Urban,Android,Auto_Debit,22,332.4,30.09,69,14.5,110.6,0,618.24,Standard
CUS-01586,45,Semi_Urban,iOS,Auto_Debit,26,272.3,13.46,90,3.5,43.1,2,496.52,Basic
CUS-01333,63,Semi_Urban,iOS,Auto_Debit,75,734.6,56.5,84,1.6,284.8,2,1205.81,Premium
CUS-00312,41,Metro,iOS,Cash,84,480.2,39.97,66,21.4,191.5,2,1025.79,Standard
CUS-00369,65,Urban,Android,UPI,38,497.0,12.15,13,2.2,76.7,1,641.96,Standard
CUS-00448,56,Semi_Urban,Feature_Phone,UPI,4,494.7,24.04,31,61.0,53.7,1,675.46,Standard
CUS-00005,67,Metro,Android,Cash,77,654.4,12.38,58,70.8,39.8,3,707.79,Standard
CUS-02156,66,Metro,Android,UPI,17,374.6,83.43,28,11.0,354.7,2,1325.07,Premium
CUS-02234,37,Urban,Android,UPI,10,386.5,28.28,62,44.6,150.3,0,673.98,Standard
CUS-00698,35,Urban,iOS,UPI,40,317.8,28.97,60,2.9,100.9,0,699.44,Standard
CUS-02123,54,Metro,Android,UPI,58,886.1,17.38,19,22.5,18.0,0,849.61,Standard
CUS-00108,33,Rural,iOS,UPI,40,535.3,55.19,97,15.8,183.5,1,1153.6,Premium
CUS-00037,23,Metro,Android,Auto_Debit,18,408.1,21.76,30,32.1,141.2,1,478.82,Standard
CUS-00756,37,Metro,Android,Auto_Debit,30,344.3,26.63,80,10.3,95.3,1,746.99,Standard
CUS-01173,30,Semi_Urban,Android,UPI,5,929.3,28.52,15,72.6,90.5,1,881.72,Standard
CUS-01713,23,Semi_Urban,Feature_Phone,Card,36,449.1,9.4,51,14.2,44.9,2,549.34,Basic
CUS-00397,57,Metro,Android,UPI,5,609.2,11.09,37,29.2,63.0,0,691.25,Standard
CUS-00325,34,Metro,iOS,Card,44,239.8,45.62,67,82.3,228.8,1,913.08,Premium
CUS-01343,58,Urban,Android,Card,46,712.8,24.22,22,40.5,121.2,1,839.84,Standard
CUS-01156,37,Urban,Android,Card,28,488.9,9.68,41,7.6,31.8,0,451.49,Basic
CUS-00301,35,Semi_Urban,iOS,UPI,27,671.9,56.76,91,11.1,240.8,2,1201.08,Premium
CUS-02203,56,Semi_Urban,Android,Card,17,378.7,14.76,58,16.8,134.1,0,625.25,Standard
CUS-01545,60,Metro,iOS,UPI,5,949.6,19.69,44,42.2,112.3,1,933.17,Standard
CUS-02319,48,Urban,iOS,Cash,35,923.4,34.76,62,72.8,179.7,0,1078.68,Standard
CUS-02280,24,Urban,Android,Auto_Debit,13,298.0,27.07,25,28.7,107.7,1,699.4,Standard
CUS-00806,59,Urban,Android,UPI,26,271.8,14.92,102,16.8,90.5,0,565.15,Standard
CUS-02017,62,Urban,Android,Card,72,528.2,28.21,22,29.8,131.4,0,746.0,Standard
CUS-01065,22,Semi_Urban,Android,UPI,17,399.1,22.02,52,13.8,146.5,2,653.72,Standard
CUS-00135,44,Rural,Android,Card,34,514.5,9.2,102,5.5,16.0,1,608.15,Basic
CUS-00163,30,Rural,Android,Cash,18,232.7,20.24,47,1.0,61.0,1,469.39,Standard
CUS-01712,20,Metro,iOS,UPI,24,847.3,43.47,95,15.0,159.5,1,1296.84,Standard
CUS-01512,35,Semi_Urban,iOS,Cash,30,675.1,13.43,60,42.7,66.4,2,676.6,Standard
CUS-00327,67,Rural,Android,Cash,22,304.6,6.52,50,11.0,5.2,0,558.69,Basic
CUS-00863,60,Metro,Android,Auto_Debit,16,651.2,16.41,13,46.9,70.5,1,701.29,Standard
CUS-00938,42,Semi_Urban,Android,UPI,13,663.8,45.17,48,4.7,206.8,0,1034.26,Standard
CUS-01549,25,Semi_Urban,iOS,UPI,11,497.1,21.75,79,3.6,56.2,0,780.33,Standard
CUS-01656,42,Urban,iOS,UPI,6,381.6,32.81,48,9.0,122.2,0,775.16,Standard
CUS-01871,69,Urban,Android,Card,57,613.0,21.72,45,7.4,89.2,3,765.9,Standard
CUS-02248,47,Metro,Feature_Phone,Auto_Debit,70,659.4,0.1,56,27.5,0.0,1,510.38,Basic
CUS-02232,29,Urban,iOS,Auto_Debit,27,141.2,41.32,62,65.1,181.2,1,883.47,Premium
CUS-02339,69,Rural,iOS,Card,58,176.3,28.19,14,10.0,110.8,1,604.96,Standard
CUS-02363,31,Semi_Urban,Android,Auto_Debit,26,540.7,5.49,51,4.5,47.3,1,392.27,Standard
CUS-00237,47,Metro,Android,UPI,27,402.7,30.35,57,36.3,140.6,0,843.38,Standard
CUS-00848,51,Semi_Urban,Feature_Phone,Cash,7,738.5,2.99,78,21.9,42.9,1,511.43,Basic
CUS-01144,66,Semi_Urban,Android,Auto_Debit,17,755.5,16.5,27,3.7,53.1,1,657.5,Standard
CUS-00328,64,Urban,Android,Cash,42,304.8,9.54,87,20.6,20.0,1,515.55,Basic
CUS-00418,37,Semi_Urban,Android,Auto_Debit,19,378.8,19.92,221,1.0,46.2,4,712.46,Standard
CUS-01322,70,Semi_Urban,Feature_Phone,Cash,40,540.8,0.1,75,28.3,0.0,2,396.99,Basic
CUS-01877,44,Rural,Android,Cash,33,494.2,34.93,145,6.5,166.6,2,879.79,Standard
CUS-01030,41,Urban,Android,Auto_Debit,58,423.0,37.42,10,35.6,180.7,1,815.86,Standard
CUS-00877,38,Semi_Urban,Android,Auto_Debit,6,680.6,15.32,40,15.0,53.2,4,721.51,Standard
CUS-01614,37,Semi_Urban,Android,Auto_Debit,28,479.5,8.03,70,2.2,15.5,2,558.4,Standard
CUS-01716,49,Urban,Feature_Phone,Auto_Debit,65,512.4,0.1,45,12.5,0.0,0,551.55,Basic
CUS-00438,31,Rural,Android,UPI,10,493.2,89.08,76,3.9,363.0,0,1500.49,Premium
CUS-02027,64,Semi_Urban,iOS,Auto_Debit,28,287.8,49.84,51,25.0,215.9,2,944.71,Premium
CUS-01439,58,Urban,Android,Card,8,668.4,6.6,28,13.6,5.0,1,582.6,Basic
CUS-01576,58,Urban,Android,Auto_Debit,20,564.1,26.33,93,77.0,62.5,3,857.15,Standard
CUS-01736,69,Rural,Android,Cash,36,656.9,72.05,3,3.5,254.8,1,1285.64,Premium
CUS-01707,67,Rural,Android,UPI,42,633.7,9.16,60,12.5,29.6,2,550.77,Standard
CUS-01182,34,Semi_Urban,Android,UPI,16,296.2,9.17,38,38.0,50.5,0,426.56,Basic
CUS-01123,21,Urban,Android,Card,15,297.7,18.35,38,15.6,47.4,4,483.9,Standard
CUS-01470,45,Metro,Android,Cash,15,412.9,38.25,58,33.4,179.9,0,873.16,Premium
CUS-00589,54,Rural,Feature_Phone,UPI,29,355.0,7.99,165,70.3,31.2,1,550.28,Basic
CUS-00560,64,Semi_Urban,Android,Cash,46,857.5,23.01,26,8.9,93.7,0,723.34,Standard
CUS-02144,61,Metro,Android,Card,44,506.9,12.61,58,21.4,86.0,0,492.42,Standard
CUS-00517,32,Urban,Android,Auto_Debit,14,389.4,36.51,21,19.6,146.4,0,809.16,Standard
CUS-01508,59,Semi_Urban,iOS,UPI,21,438.2,28.13,12,3.9,109.3,1,856.66,Standard
CUS-01078,22,Semi_Urban,Android,Card,7,197.0,10.18,8,3.2,29.7,0,577.36,Basic
CUS-01371,39,Urban,iOS,Auto_Debit,76,145.0,28.87,12,1.1,95.2,0,651.27,Standard
CUS-01645,50,Urban,Android,Cash,13,432.0,26.15,18,2.4,112.4,1,708.69,Standard
CUS-00713,39,Urban,Android,UPI,72,730.1,14.29,13,23.2,64.8,1,793.81,Standard
CUS-00119,53,Semi_Urban,iOS,Auto_Debit,22,302.7,32.03,35,112.8,148.9,0,964.57,Standard
CUS-00384,35,Urban,Android,Card,13,617.4,47.5,87,14.5,223.4,1,1056.38,Premium
CUS-02098,49,Metro,Android,UPI,24,483.3,19.06,47,37.8,62.6,1,663.52,Standard
CUS-01940,44,Semi_Urban,Android,Auto_Debit,23,369.5,58.41,101,45.3,256.4,0,969.36,Premium
CUS-01266,18,Urban,iOS,Card,33,510.7,63.52,13,19.6,271.9,0,1230.52,Premium
CUS-00701,23,Urban,iOS,UPI,36,425.1,19.45,26,9.4,45.2,1,818.45,Standard
CUS-00890,39,Semi_Urban,Android,Cash,12,312.1,28.49,88,16.8,150.3,0,628.7,Standard
CUS-01662,29,Urban,Android,Card,25,560.6,7.79,54,37.3,10.4,0,668.09,Standard
CUS-00025,40,Urban,Android,UPI,21,816.8,37.81,62,9.2,148.6,0,956.39,Standard
CUS-00783,55,Metro,iOS,Auto_Debit,54,339.4,14.43,57,40.2,53.4,1,713.28,Standard
CUS-00548,49,Semi_Urban,Android,UPI,11,606.8,26.77,43,31.4,86.9,2,735.21,Standard
CUS-01007,69,Metro,Android,UPI,65,480.2,86.84,25,33.5,394.8,0,1313.19,Premium
CUS-02398,30,Rural,iOS,Auto_Debit,55,369.0,27.74,23,57.4,105.0,0,750.9,Standard
CUS-01353,44,Metro,Android,UPI,29,132.7,17.89,60,21.7,80.7,3,368.59,Basic
CUS-00315,61,Semi_Urban,Feature_Phone,UPI,21,815.7,0.1,104,2.8,17.9,1,549.86,Basic
CUS-01476,40,Metro,Android,Auto_Debit,58,787.6,26.09,51,34.2,109.7,2,984.93,Standard
CUS-02335,38,Semi_Urban,iOS,Auto_Debit,43,505.3,27.53,79,17.1,92.5,1,867.81,Standard
CUS-02091,53,Rural,Feature_Phone,UPI,47,499.6,6.61,18,32.8,39.3,0,621.11,Basic
CUS-00728,34,Metro,Feature_Phone,UPI,44,333.9,27.76,19,10.7,111.1,3,662.79,Standard
CUS-01152,19,Urban,Android,UPI,15,296.2,31.16,145,17.9,90.0,2,673.36,Standard
CUS-01591,47,Metro,Android,UPI,24,622.7,7.93,36,120.2,6.6,3,704.37,Standard
CUS-00421,44,Semi_Urban,Feature_Phone,Auto_Debit,4,604.3,0.1,73,7.1,0.0,0,526.67,Basic
CUS-01035,40,Semi_Urban,Android,UPI,28,718.3,36.4,92,27.3,140.3,2,939.5,Standard
CUS-02135,67,Semi_Urban,Android,Auto_Debit,19,758.8,37.91,18,38.3,147.6,1,1060.91,Standard
CUS-01358,42,Semi_Urban,Android,UPI,21,441.8,13.03,19,39.4,60.9,1,513.45,Standard
CUS-02065,46,Semi_Urban,Android,Card,5,313.8,14.63,28,1.2,47.3,0,456.41,Standard
CUS-01115,51,Urban,Android,UPI,51,606.9,10.63,171,59.0,30.2,0,769.18,Standard
CUS-00840,44,Rural,Feature_Phone,Card,39,523.6,0.1,78,8.7,0.0,2,441.0,Basic
CUS-00121,20,Urban,Feature_Phone,Cash,84,389.8,5.36,3,17.8,30.8,1,567.12,Basic
CUS-02309,29,Urban,Android,Card,31,149.6,51.19,42,4.5,208.5,0,1012.75,Premium
CUS-00029,37,Semi_Urban,Android,UPI,17,199.1,22.32,104,21.5,89.0,0,466.73,Standard
CUS-01215,42,Rural,Android,Card,35,407.6,24.03,33,12.8,128.0,1,681.92,Standard
CUS-01821,35,Urban,Android,Card,36,351.4,61.22,62,19.5,244.7,2,1193.94,Premium
CUS-02357,57,Metro,Android,UPI,29,407.9,6.62,56,17.1,49.7,1,450.8,Basic
CUS-00904,44,Urban,Android,Auto_Debit,43,494.4,23.6,47,13.7,104.5,1,719.69,Standard
CUS-02255,28,Metro,Android,Cash,25,261.3,13.49,70,73.6,60.9,0,561.48,Standard
CUS-01670,63,Metro,Android,UPI,32,525.6,7.28,119,29.6,27.3,5,377.15,Basic
CUS-02329,58,Rural,Android,UPI,13,563.1,12.57,38,27.5,24.3,2,627.01,Standard
CUS-01827,35,Metro,Android,UPI,39,324.2,16.05,95,30.8,57.1,0,560.7,Standard
CUS-00156,59,Metro,iOS,Cash,84,319.7,18.77,87,15.9,82.0,2,632.54,Basic
CUS-01550,36,Urban,Android,UPI,18,636.1,7.78,14,24.4,75.9,2,509.33,Standard
CUS-01595,58,Urban,Feature_Phone,Auto_Debit,70,514.6,0.1,111,12.7,10.9,1,526.21,Basic
CUS-01363,35,Rural,Android,Auto_Debit,37,346.1,6.7,82,7.0,41.6,1,552.9,Basic
CUS-00067,28,Metro,Android,Auto_Debit,34,533.0,17.99,73,20.7,74.4,1,576.46,Standard
CUS-01150,39,Semi_Urban,Android,UPI,55,105.9,9.99,51,14.8,79.9,2,429.39,Basic
CUS-01464,38,Metro,iOS,Auto_Debit,43,288.9,16.75,31,13.1,57.6,4,627.09,Standard
CUS-01085,40,Metro,Android,Auto_Debit,4,312.3,44.9,75,41.9,184.4,2,861.46,Standard
CUS-01074,35,Metro,iOS,Card,19,479.7,41.58,64,24.6,174.5,0,1120.77,Premium
CUS-01205,56,Rural,Android,Auto_Debit,33,468.8,7.68,67,0.1,57.9,0,358.89,Standard
CUS-01159,49,Semi_Urban,iOS,UPI,14,939.1,20.27,102,4.5,76.0,1,879.83,Standard
CUS-01903,22,Rural,iOS,Auto_Debit,21,729.0,17.61,102,6.0,36.9,2,856.15,Standard
CUS-00834,52,Metro,Android,Card,6,383.1,41.41,20,19.6,160.1,1,900.48,Standard
CUS-01008,31,Urban,iOS,Card,81,576.0,28.56,67,27.3,93.4,0,903.5,Standard
CUS-00150,32,Urban,Android,Auto_Debit,23,636.3,44.5,41,33.8,211.1,1,1061.61,Premium
CUS-01728,66,Metro,Feature_Phone,Card,46,787.5,0.1,69,17.5,1.8,0,597.52,Basic
CUS-01943,62,Metro,Android,Auto_Debit,30,525.2,17.84,166,77.7,79.5,1,717.11,Standard
CUS-00031,60,Urban,Android,UPI,50,35.0,10.76,100,17.5,27.6,0,242.18,Basic
CUS-02378,51,Urban,Feature_Phone,Auto_Debit,55,335.1,0.1,34,11.1,3.2,1,435.03,Basic
CUS-00013,55,Semi_Urban,iOS,Card,26,570.5,67.31,29,11.6,243.9,0,1362.42,Premium
CUS-02214,38,Urban,iOS,Auto_Debit,30,277.4,18.32,110,29.0,74.8,2,653.3,Standard
CUS-01187,29,Urban,Feature_Phone,Auto_Debit,28,154.6,13.17,15,37.3,103.6,3,328.3,Basic
CUS-00373,69,Metro,Feature_Phone,Card,40,538.1,30.06,30,30.3,135.9,4,739.95,Standard
CUS-00597,42,Urban,Android,Card,50,176.7,19.74,30,45.6,115.9,2,634.41,Basic
CUS-01673,37,Metro,Feature_Phone,Card,28,291.3,0.38,12,51.6,0.0,2,367.64,Basic
CUS-00303,45,Semi_Urban,Android,Auto_Debit,6,316.2,47.65,5,19.0,203.3,2,927.29,Premium
CUS-00881,49,Urban,iOS,UPI,16,363.6,25.89,27,25.5,117.9,1,791.34,Standard
CUS-01034,18,Urban,iOS,UPI,9,219.5,12.38,74,24.2,54.4,2,790.64,Standard
CUS-01886,34,Semi_Urban,iOS,Card,16,349.5,57.14,37,3.4,241.3,0,1160.67,Premium
CUS-01430,34,Semi_Urban,iOS,Auto_Debit,39,728.8,13.82,36,23.8,45.2,1,784.13,Standard
CUS-00282,44,Semi_Urban,iOS,Auto_Debit,84,681.5,158.07,54,51.2,420.0,0,2356.79,Premium
CUS-00174,24,Semi_Urban,Android,Card,8,614.2,28.76,17,4.0,138.1,1,615.39,Standard
CUS-02141,54,Urban,Android,UPI,41,611.9,13.53,31,54.5,74.3,2,707.25,Standard
CUS-00081,29,Urban,Android,Cash,16,528.4,31.5,42,130.5,95.8,3,845.56,Standard
CUS-00489,58,Metro,iOS,Card,52,306.4,19.74,38,20.9,58.0,0,607.45,Standard
CUS-00336,42,Rural,iOS,Auto_Debit,66,430.7,30.97,25,46.5,141.0,0,736.51,Standard
CUS-01354,36,Metro,iOS,UPI,30,306.1,14.69,26,13.4,74.5,2,658.75,Basic
CUS-02185,20,Metro,Android,Card,6,362.7,21.78,41,19.4,82.3,2,676.1,Standard
CUS-01292,69,Metro,Android,Cash,22,421.6,13.81,56,67.9,102.9,1,667.89,Standard
CUS-01413,55,Metro,Android,UPI,36,762.1,58.93,56,51.5,205.8,2,1121.48,Premium
CUS-02345,50,Urban,Android,Auto_Debit,12,511.5,17.94,7,16.8,47.0,0,664.92,Standard
CUS-00956,40,Semi_Urban,Android,Card,47,320.0,9.55,27,3.2,46.4,1,430.59,Basic
CUS-00040,55,Rural,Android,Auto_Debit,59,717.4,11.69,89,24.1,59.5,3,815.83,Standard
CUS-00091,56,Urban,Android,UPI,52,371.5,13.01,61,13.5,36.2,0,558.51,Standard
CUS-00699,42,Urban,iOS,UPI,57,518.7,17.63,20,10.1,91.1,1,734.5,Standard
CUS-01901,48,Semi_Urban,iOS,Auto_Debit,57,688.3,25.59,90,5.9,89.5,1,830.24,Standard
CUS-00901,21,Semi_Urban,Android,Cash,32,175.3,16.5,28,41.9,129.4,0,459.12,Basic
CUS-00788,18,Urban,Android,Auto_Debit,17,137.3,13.7,28,42.7,39.8,1,482.34,Standard
CUS-01368,21,Urban,iOS,UPI,63,361.6,21.38,89,18.1,118.9,1,685.06,Standard
CUS-00363,69,Rural,iOS,UPI,23,503.3,25.96,58,17.0,154.3,1,775.54,Standard
CUS-01867,34,Metro,Android,UPI,15,245.9,13.12,65,38.0,66.7,0,481.5,Standard
CUS-02285,41,Urban,Android,Card,43,667.1,14.0,112,19.6,30.6,2,574.87,Standard
CUS-01819,21,Metro,iOS,UPI,15,232.5,54.73,51,53.0,248.8,1,1020.59,Premium
CUS-01009,39,Semi_Urban,iOS,Auto_Debit,23,527.8,16.32,11,4.6,50.9,2,814.3,Standard
CUS-00423,26,Metro,iOS,Auto_Debit,27,362.2,24.39,142,30.2,80.6,0,706.52,Standard
CUS-00399,70,Metro,iOS,UPI,11,405.0,20.78,65,39.6,64.3,2,856.02,Standard
CUS-01681,25,Semi_Urban,Android,Auto_Debit,14,525.4,7.88,46,8.7,65.1,1,665.43,Basic
CUS-00391,42,Urban,Feature_Phone,Auto_Debit,30,198.9,3.81,57,22.5,5.1,0,349.28,Basic
CUS-00109,35,Semi_Urban,iOS,UPI,57,251.8,21.96,31,11.6,63.8,1,734.96,Standard
CUS-00775,20,Semi_Urban,Feature_Phone,Auto_Debit,55,708.0,6.78,62,31.7,51.0,1,675.6,Basic
CUS-02364,26,Metro,Android,Auto_Debit,39,157.6,4.17,48,16.0,19.7,3,408.63,Basic
CUS-00757,21,Metro,Android,Cash,56,415.4,14.91,59,24.1,78.5,0,622.27,Standard
CUS-01226,45,Metro,iOS,Auto_Debit,13,561.4,21.77,27,41.8,86.4,1,788.39,Standard
CUS-01429,61,Urban,Android,UPI,29,260.1,13.29,79,37.0,78.5,1,566.99,Standard
CUS-00346,23,Urban,iOS,Auto_Debit,25,394.2,28.82,63,39.7,103.9,0,790.64,Standard
CUS-02146,20,Urban,Android,UPI,24,308.8,6.84,132,66.9,61.8,0,490.63,Basic
CUS-00595,41,Semi_Urban,Android,Auto_Debit,21,386.0,43.64,58,54.1,189.9,0,865.91,Premium
CUS-01647,60,Metro,Android,Auto_Debit,65,531.9,25.23,154,22.8,119.1,0,912.77,Standard
CUS-01230,60,Urban,Feature_Phone,Cash,19,731.8,26.24,14,67.1,139.0,1,918.89,Standard
CUS-02361,50,Urban,iOS,UPI,13,333.3,95.03,92,34.1,405.7,2,1517.1,Premium
CUS-02001,50,Urban,iOS,Card,37,496.6,12.87,28,19.1,32.1,1,684.75,Standard
CUS-00708,23,Urban,Android,Auto_Debit,15,491.0,2.84,55,60.6,38.7,0,439.62,Basic
CUS-00345,55,Rural,iOS,Cash,25,373.6,25.44,17,31.9,122.2,0,891.04,Standard
CUS-00233,67,Urban,Android,UPI,34,523.0,28.71,18,19.1,99.4,2,789.8,Standard
CUS-01535,59,Urban,Android,Auto_Debit,61,952.8,28.78,47,8.5,129.0,1,959.31,Standard
CUS-01386,53,Semi_Urban,Feature_Phone,Card,63,389.1,1.68,18,37.0,1.9,1,472.05,Basic
CUS-00296,35,Urban,Android,UPI,71,344.7,18.55,27,2.7,30.3,0,519.09,Standard
CUS-01834,19,Metro,iOS,Card,25,607.3,18.35,38,37.5,65.6,0,716.49,Standard
CUS-00857,56,Semi_Urban,Android,UPI,16,360.7,15.63,37,41.4,55.8,1,658.61,Standard
CUS-00039,26,Semi_Urban,Android,UPI,16,427.6,37.05,21,51.4,166.5,1,788.24,Standard
CUS-01582,33,Metro,Android,Card,23,481.6,25.9,75,50.4,120.0,1,714.67,Standard
CUS-01081,33,Urban,iOS,UPI,21,597.0,22.78,36,31.6,77.5,1,903.74,Standard
CUS-00383,69,Rural,iOS,UPI,36,810.5,23.99,21,24.6,76.8,2,890.43,Standard
CUS-01482,56,Urban,Android,Auto_Debit,46,624.4,18.93,50,43.8,75.5,0,663.12,Standard
CUS-00922,47,Urban,iOS,Card,41,435.3,86.45,131,10.5,394.6,0,1609.17,Premium
CUS-00955,21,Urban,iOS,Card,31,273.6,18.18,46,5.0,83.3,1,590.45,Standard
CUS-00522,20,Metro,Android,Card,11,700.3,12.23,52,27.2,45.9,0,722.11,Standard
CUS-00550,39,Urban,Android,Auto_Debit,17,734.2,7.7,14,14.3,25.9,1,562.57,Standard
CUS-01022,26,Metro,Android,Card,21,245.5,17.95,26,53.6,87.8,0,654.6,Standard
CUS-01121,18,Metro,Android,UPI,31,202.3,8.47,57,30.6,41.2,0,341.34,Basic
CUS-01675,18,Metro,Feature_Phone,Auto_Debit,58,305.3,8.66,71,43.6,2.1,2,547.6,Basic
CUS-00694,44,Metro,Android,Card,5,267.8,16.86,131,60.9,97.7,0,669.19,Standard
CUS-00764,65,Metro,iOS,Auto_Debit,36,723.7,16.88,14,15.6,54.9,0,839.44,Standard
CUS-00077,28,Semi_Urban,iOS,Auto_Debit,2,20.0,21.89,127,9.4,97.2,0,518.02,Basic
CUS-01090,21,Semi_Urban,Android,Card,15,448.5,31.48,22,23.5,157.8,1,657.54,Standard
CUS-02069,49,Urban,Android,UPI,14,651.8,45.33,36,35.4,143.9,2,1196.3,Premium
CUS-01107,57,Metro,Android,Cash,15,644.4,10.32,57,68.0,35.4,0,740.34,Basic
CUS-00725,62,Urban,Android,Auto_Debit,8,763.2,21.76,52,30.3,56.4,0,822.74,Standard
CUS-01590,32,Semi_Urban,Feature_Phone,UPI,12,585.0,36.75,51,66.0,149.3,2,865.49,Standard
CUS-01471,29,Urban,Android,UPI,22,358.5,23.09,27,19.7,94.2,0,739.52,Standard
CUS-02063,28,Rural,iOS,Auto_Debit,65,115.3,30.77,40,69.5,121.1,2,867.2,Standard
CUS-01762,31,Semi_Urban,Android,Card,36,488.5,20.76,28,31.7,86.9,0,656.19,Standard
CUS-00727,63,Metro,Android,Auto_Debit,35,507.9,11.21,38,23.0,58.1,1,660.58,Standard
CUS-01432,61,Metro,Android,Auto_Debit,84,469.6,13.06,82,33.4,87.0,2,596.95,Standard
CUS-01759,42,Urban,Android,Card,24,20.0,25.5,90,16.8,100.0,1,580.4,Standard
CUS-00529,47,Urban,iOS,Auto_Debit,19,709.2,25.79,23,63.0,67.9,1,970.71,Standard
CUS-00754,19,Metro,iOS,UPI,46,326.7,20.24,12,32.4,65.2,1,702.63,Standard
CUS-00623,39,Metro,iOS,Auto_Debit,26,497.3,13.5,44,68.1,85.5,1,706.59,Basic
CUS-00720,45,Metro,Android,UPI,35,439.5,17.78,33,36.7,89.9,0,507.9,Standard
CUS-00772,25,Rural,Android,Card,17,400.9,17.84,39,1.1,97.4,1,716.34,Standard
CUS-02032,51,Metro,Feature_Phone,UPI,6,228.1,0.1,26,32.2,0.0,1,373.74,Basic
CUS-01077,56,Urban,iOS,Auto_Debit,37,463.1,30.74,68,42.3,109.9,1,995.26,Standard
CUS-01212,39,Rural,Android,Cash,14,327.2,11.78,39,8.7,36.6,0,432.79,Standard
CUS-01547,68,Urban,iOS,Cash,21,742.9,54.45,111,10.4,277.2,0,1111.1,Premium
CUS-01765,31,Rural,Android,Cash,6,445.2,12.64,42,53.3,54.3,1,550.22,Basic
CUS-01621,52,Semi_Urban,Android,Auto_Debit,31,474.8,12.86,93,21.8,18.7,1,497.72,Standard
CUS-00258,67,Urban,Android,UPI,39,558.3,9.76,20,17.2,45.4,1,461.22,Basic
CUS-01849,18,Urban,Android,Cash,10,164.4,13.37,69,40.0,56.1,0,405.81,Standard
CUS-01329,35,Urban,Android,UPI,17,292.3,23.7,61,6.5,105.9,1,588.39,Standard
CUS-00562,39,Urban,Android,UPI,39,354.9,16.53,49,3.6,86.4,2,534.09,Standard
CUS-00605,62,Semi_Urban,Feature_Phone,Card,53,543.6,7.41,19,5.1,0.0,1,554.58,Basic
CUS-00539,33,Semi_Urban,Android,Card,48,418.4,9.71,98,5.0,28.8,1,459.25,Basic
CUS-02070,53,Metro,Android,Card,11,482.8,9.01,68,77.8,41.1,1,533.05,Standard
CUS-01640,64,Metro,Android,Auto_Debit,50,486.0,28.59,17,16.3,97.7,2,772.77,Standard
CUS-01700,66,Urban,iOS,UPI,57,397.8,56.85,266,20.8,262.0,1,1184.42,Premium
CUS-00420,64,Rural,Android,Cash,40,749.8,18.09,27,20.2,78.6,1,698.69,Standard
CUS-02330,57,Urban,Android,Auto_Debit,55,561.5,45.82,61,15.4,208.5,2,995.7,Premium
CUS-00563,58,Rural,Feature_Phone,UPI,18,500.3,9.93,99,3.3,44.8,1,551.79,Basic
CUS-00972,35,Urban,Android,UPI,84,878.8,39.96,41,17.7,144.1,1,1148.55,Standard
CUS-02013,49,Metro,Feature_Phone,Card,32,189.7,6.88,32,20.5,53.0,1,342.12,Basic
CUS-02007,34,Metro,Android,Card,12,354.0,4.75,79,13.6,0.0,1,399.82,Basic
CUS-01836,20,Urban,Android,UPI,12,323.1,12.22,19,1.0,37.2,0,520.73,Basic
CUS-01148,65,Metro,Feature_Phone,Card,28,122.6,1.11,84,66.8,8.4,0,312.51,Basic
CUS-01770,57,Semi_Urban,iOS,Auto_Debit,26,449.9,35.01,21,7.1,135.3,1,886.25,Standard
CUS-00201,19,Rural,Android,Auto_Debit,18,51.8,78.1,92,20.1,287.4,1,1207.86,Premium
CUS-00394,56,Semi_Urban,Android,Auto_Debit,32,687.5,79.82,65,40.0,362.5,0,1462.2,Premium
CUS-00129,21,Rural,Android,Cash,14,414.7,10.68,36,33.4,32.7,2,488.47,Standard
CUS-01060,70,Semi_Urban,Android,UPI,16,472.9,19.36,90,23.0,93.2,1,646.49,Standard
CUS-00080,37,Urban,Android,Auto_Debit,23,940.1,25.96,33,25.7,92.8,3,821.66,Standard
CUS-01037,58,Rural,Feature_Phone,Auto_Debit,31,527.9,22.37,72,74.4,110.5,2,841.19,Standard
CUS-00354,44,Semi_Urban,Android,UPI,16,284.1,36.42,83,20.2,168.1,0,804.79,Standard
CUS-00880,21,Urban,iOS,UPI,27,332.3,46.28,86,19.9,182.9,3,1036.22,Premium
CUS-01246,55,Semi_Urban,Feature_Phone,Card,24,477.4,75.04,106,6.7,296.7,0,1370.71,Premium
CUS-02184,48,Rural,Android,Auto_Debit,50,54.5,28.16,4,5.7,105.8,0,499.34,Standard
CUS-00251,22,Rural,Android,Auto_Debit,35,239.3,17.06,19,1.1,74.3,0,543.39,Basic
CUS-00440,32,Urban,Feature_Phone,Card,38,85.5,20.78,9,20.0,118.0,0,616.82,Basic
CUS-02323,37,Metro,iOS,UPI,84,377.7,27.08,134,17.0,138.2,2,736.44,Standard
CUS-01933,35,Metro,Android,Auto_Debit,28,310.4,5.67,123,50.4,0.0,3,390.63,Standard
CUS-01342,51,Metro,iOS,Auto_Debit,25,441.6,21.93,25,190.0,95.1,2,881.0,Standard
CUS-00838,65,Semi_Urban,iOS,Auto_Debit,34,555.2,49.45,34,60.6,215.6,0,1232.69,Premium
CUS-00883,26,Metro,Android,Auto_Debit,56,195.6,29.28,45,18.1,108.2,1,561.78,Standard
CUS-00229,28,Urban,Android,Card,32,250.8,39.65,37,27.2,213.4,1,821.34,Standard
CUS-00118,43,Semi_Urban,Android,Card,77,394.4,16.4,110,7.2,98.1,1,634.12,Standard
CUS-01103,20,Metro,Android,Auto_Debit,51,140.5,10.41,29,20.9,28.7,2,276.43,Basic
CUS-00703,70,Rural,iOS,Cash,60,234.1,44.57,26,1.9,142.3,0,845.06,Standard
CUS-00964,38,Semi_Urban,Android,Auto_Debit,22,571.6,6.65,77,7.5,33.8,0,615.12,Standard
CUS-01503,67,Metro,Feature_Phone,UPI,53,251.9,0.1,53,59.3,0.0,2,344.71,Basic
CUS-01838,33,Urban,Android,UPI,25,365.4,46.11,15,46.2,164.7,3,1013.89,Premium
CUS-01304,60,Metro,Android,Card,84,793.6,20.29,83,30.2,74.9,1,704.23,Standard
CUS-00925,35,Semi_Urban,Feature_Phone,Auto_Debit,19,534.0,13.61,23,27.9,51.4,2,537.7,Basic
CUS-00999,34,Urban,Feature_Phone,UPI,44,477.1,6.81,19,8.1,45.1,1,527.24,Basic
CUS-00672,44,Rural,Feature_Phone,Cash,38,302.2,36.45,47,61.8,154.2,3,764.94,Standard
CUS-00559,39,Semi_Urban,Android,UPI,25,220.3,49.02,10,5.6,217.0,0,837.79,Standard
CUS-00858,18,Semi_Urban,iOS,Cash,48,410.8,46.79,34,100.6,197.9,2,1127.73,Premium
CUS-02258,64,Semi_Urban,Feature_Phone,Card,11,570.7,1.88,17,3.9,0.0,1,443.95,Basic
CUS-02324,60,Semi_Urban,Android,Card,25,782.3,60.35,76,65.4,223.0,1,1160.67,Premium
CUS-01966,55,Urban,Android,Auto_Debit,31,97.6,15.04,100,5.9,65.0,1,430.66,Basic
CUS-01279,67,Urban,Android,UPI,37,680.6,35.58,23,7.8,166.7,2,876.81,Standard
CUS-02112,21,Urban,Android,Auto_Debit,46,325.5,29.69,43,51.9,83.0,0,635.46,Standard
CUS-01732,53,Urban,iOS,UPI,40,154.1,20.93,76,34.9,92.2,2,637.77,Basic
CUS-00139,63,Urban,iOS,UPI,10,549.4,16.93,86,21.8,86.2,1,679.36,Standard
CUS-00636,20,Metro,Feature_Phone,UPI,2,185.4,0.1,117,12.3,21.2,3,250.71,Basic
CUS-01378,68,Urban,Android,UPI,26,507.7,8.84,59,35.5,0.6,3,494.0,Basic
CUS-00471,65,Metro,iOS,Auto_Debit,56,471.6,72.25,43,40.2,344.8,1,1260.65,Premium
CUS-00970,26,Metro,Android,UPI,19,152.2,25.63,172,53.6,111.7,4,608.3,Standard
CUS-02295,26,Semi_Urban,Android,UPI,51,320.6,13.42,41,32.7,45.3,1,576.73,Basic
CUS-01313,43,Urban,iOS,Auto_Debit,10,533.3,31.48,95,21.7,91.5,0,906.8,Standard
CUS-01056,57,Metro,iOS,Auto_Debit,36,789.2,29.57,33,54.1,88.2,1,1028.24,Standard
CUS-00295,30,Rural,iOS,UPI,52,758.2,43.25,126,13.0,182.1,0,1226.07,Standard
CUS-00452,49,Metro,Android,Cash,24,427.0,26.35,25,13.5,105.9,2,780.35,Standard
CUS-00393,19,Semi_Urban,Android,Card,32,391.6,19.78,128,6.5,117.7,1,521.51,Standard
CUS-00630,37,Urban,Android,UPI,22,457.0,36.93,181,32.4,151.2,0,824.86,Standard
CUS-00992,47,Semi_Urban,Android,Cash,36,560.6,73.55,50,31.4,249.2,2,1231.32,Premium
CUS-01437,48,Urban,iOS,Auto_Debit,11,471.4,30.05,30,10.5,126.7,2,830.94,Standard
CUS-00900,60,Urban,Android,Cash,10,756.6,6.53,142,16.3,28.2,1,683.57,Standard
CUS-02130,45,Rural,Android,Auto_Debit,24,436.5,12.15,47,60.3,31.9,1,708.13,Standard
CUS-01166,57,Semi_Urban,Android,Card,2,427.6,117.83,22,61.9,420.0,0,1764.54,Premium
CUS-00372,62,Urban,Android,Auto_Debit,34,824.5,10.74,4,47.7,54.8,2,898.91,Standard
CUS-01989,64,Urban,Android,Cash,13,740.9,21.15,24,7.3,114.5,1,822.64,Standard
CUS-01557,28,Urban,Android,UPI,20,656.7,19.92,37,11.6,40.1,1,758.3,Standard
CUS-00390,31,Semi_Urban,Android,Cash,16,460.1,28.61,15,51.2,112.1,0,947.57,Standard
CUS-00426,25,Semi_Urban,Android,Auto_Debit,23,213.8,16.32,112,28.8,87.2,2,554.89,Standard
CUS-01301,50,Semi_Urban,Android,Auto_Debit,41,643.4,45.51,19,6.4,232.1,1,1145.08,Premium
CUS-02312,55,Semi_Urban,iOS,Card,7,452.8,63.57,19,1.1,301.3,0,1154.63,Premium
CUS-01146,62,Rural,Android,Auto_Debit,24,350.6,18.31,34,7.2,109.1,0,531.13,Standard
CUS-00821,18,Urban,iOS,Card,28,331.3,16.93,4,16.9,83.5,0,620.95,Basic
CUS-00264,37,Urban,Android,Card,49,374.5,21.19,29,13.2,79.2,1,621.58,Standard
CUS-00498,68,Metro,Feature_Phone,Card,26,721.6,26.34,44,21.0,118.3,2,981.67,Standard
CUS-01084,65,Rural,Feature_Phone,Auto_Debit,31,164.5,4.47,74,9.5,0.0,1,399.51,Basic
CUS-02127,69,Urban,Android,UPI,32,524.2,11.5,38,14.9,35.2,2,673.7,Standard
CUS-01763,46,Metro,Android,UPI,45,508.9,13.27,70,37.3,49.3,1,715.28,Standard
CUS-00664,50,Rural,Android,Card,42,691.5,35.25,130,5.1,155.7,4,901.77,Standard
CUS-01910,60,Urban,iOS,UPI,5,423.5,54.34,11,10.0,242.7,3,1130.73,Premium
CUS-01417,42,Metro,Android,UPI,31,539.4,13.48,123,13.7,37.4,1,606.6,Standard
CUS-00686,50,Urban,Android,UPI,24,296.7,9.57,45,4.0,45.6,2,572.19,Basic
CUS-01487,23,Semi_Urban,Android,Auto_Debit,44,269.3,40.7,34,43.1,198.4,0,770.89,Standard
CUS-02072,19,Metro,Android,Auto_Debit,47,403.6,21.93,139,31.6,87.1,1,517.61,Standard
CUS-01980,34,Metro,iOS,UPI,59,243.4,16.9,8,19.2,54.6,0,624.35,Basic
CUS-02204,63,Urban,Android,UPI,49,693.6,18.55,64,34.0,68.9,1,748.95,Standard
CUS-01968,68,Semi_Urban,Android,UPI,25,484.6,24.91,13,10.7,98.1,1,663.47,Standard
CUS-01472,18,Urban,iOS,UPI,27,20.0,21.1,50,30.7,108.0,2,489.18,Standard
CUS-00827,61,Semi_Urban,Android,UPI,27,453.8,27.97,35,8.2,116.1,2,676.07,Standard
CUS-00012,65,Rural,Android,Card,11,233.4,4.36,51,8.9,6.3,1,266.62,Basic
CUS-01848,51,Metro,Android,Auto_Debit,26,345.4,49.94,6,54.7,179.0,3,925.29,Premium
CUS-01993,56,Semi_Urban,iOS,Card,13,292.5,28.68,8,16.2,117.3,1,882.2,Standard
CUS-00493,32,Semi_Urban,iOS,Auto_Debit,12,387.0,22.73,20,36.7,76.8,3,523.61,Standard
CUS-02082,57,Semi_Urban,Android,UPI,45,795.9,6.64,30,10.8,27.1,2,643.24,Standard
CUS-02341,44,Semi_Urban,iOS,UPI,43,461.5,20.59,29,22.4,89.0,2,769.02,Standard
CUS-01650,62,Urban,Feature_Phone,Cash,11,678.0,0.1,22,35.7,37.7,0,658.51,Basic
CUS-00429,41,Urban,Feature_Phone,Auto_Debit,52,412.5,0.1,3,6.7,45.3,0,332.71,Basic
CUS-00657,56,Rural,iOS,Card,17,534.2,81.52,66,3.2,361.6,1,1438.98,Premium
CUS-00495,69,Metro,Android,UPI,10,413.7,32.39,121,17.1,147.9,2,783.24,Standard
CUS-01050,32,Metro,Android,Card,26,582.7,28.58,48,25.9,84.3,1,886.98,Standard
CUS-01660,53,Semi_Urban,Feature_Phone,Auto_Debit,69,542.7,43.24,43,7.4,156.2,1,954.5,Standard
CUS-01361,52,Urban,iOS,Card,22,260.2,26.27,48,21.8,88.9,1,788.09,Standard
CUS-00157,23,Metro,Android,UPI,10,357.8,6.66,22,47.3,56.4,1,450.53,Basic
CUS-01646,50,Urban,Android,Cash,31,166.5,11.23,23,21.3,52.4,1,394.03,Standard
CUS-02301,43,Semi_Urban,Android,Auto_Debit,48,291.0,2.49,17,65.4,20.2,0,412.45,Basic
CUS-00588,48,Metro,Android,Auto_Debit,35,674.7,9.88,12,11.6,22.2,0,656.78,Standard
CUS-02239,30,Semi_Urban,Android,Card,1,270.1,7.65,54,5.9,39.7,3,361.85,Basic
CUS-01176,24,Rural,iOS,UPI,15,491.8,31.92,9,9.3,122.1,0,900.79,Standard
CUS-00378,35,Urban,Android,Card,35,518.0,42.76,14,16.7,150.9,0,916.83,Standard
CUS-01548,68,Rural,Android,Auto_Debit,54,343.9,20.21,84,19.9,63.5,2,549.52,Standard
CUS-00310,45,Semi_Urban,Android,UPI,40,550.9,15.71,28,16.5,63.7,0,702.76,Standard
CUS-00474,32,Semi_Urban,iOS,UPI,32,399.5,21.93,55,9.9,102.3,0,693.43,Standard
CUS-00743,41,Rural,Android,Cash,66,93.3,7.78,27,17.1,24.0,3,400.59,Basic
CUS-01928,55,Metro,Android,UPI,14,593.2,46.51,74,26.5,183.5,2,906.32,Standard
CUS-02014,54,Semi_Urban,iOS,Auto_Debit,22,511.8,24.78,37,7.8,80.0,1,811.28,Standard
CUS-00794,24,Urban,Android,Card,11,173.1,38.19,75,20.3,181.0,2,806.0,Standard
CUS-01820,60,Urban,Android,UPI,63,977.0,4.07,30,21.0,0.0,1,817.15,Standard
CUS-00780,34,Metro,Android,UPI,22,244.7,12.65,40,61.1,56.4,0,494.64,Basic
CUS-01275,38,Urban,iOS,UPI,19,339.9,22.22,20,1.6,81.3,0,739.89,Standard
CUS-00905,49,Semi_Urban,Android,Auto_Debit,38,370.8,31.82,64,22.9,174.1,3,753.21,Standard
CUS-01101,34,Urban,Android,Auto_Debit,54,278.0,8.61,42,6.6,61.1,1,447.75,Basic
CUS-01076,18,Urban,Android,UPI,48,104.9,25.8,34,38.6,106.1,1,492.22,Standard
CUS-01170,51,Rural,Feature_Phone,UPI,29,549.0,0.1,11,19.9,42.9,1,359.64,Basic
CUS-00940,48,Metro,iOS,Auto_Debit,59,587.6,19.35,21,35.8,89.0,2,879.69,Standard
CUS-01232,45,Semi_Urban,Feature_Phone,Card,16,278.9,0.1,175,40.7,0.0,1,445.91,Basic
CUS-00287,43,Semi_Urban,Android,Card,32,612.1,22.8,19,13.1,84.7,0,847.68,Standard
CUS-02370,49,Rural,iOS,Card,26,595.4,48.32,5,65.4,215.3,2,1174.72,Premium
CUS-00300,45,Rural,iOS,Card,11,640.9,34.81,56,44.0,161.3,0,989.8,Standard
CUS-01964,22,Semi_Urban,Android,UPI,5,763.0,21.24,119,1.2,107.8,1,800.04,Standard
CUS-00769,70,Semi_Urban,iOS,Auto_Debit,10,405.5,29.54,21,2.5,131.0,2,760.18,Standard
CUS-00506,61,Urban,Feature_Phone,UPI,25,202.0,0.1,83,8.7,0.0,1,368.75,Basic
CUS-02139,57,Metro,Android,UPI,49,287.2,31.02,11,15.7,128.6,1,706.21,Standard
CUS-00252,32,Metro,Android,Auto_Debit,33,106.2,5.8,44,36.3,24.7,1,351.28,Basic
CUS-01744,68,Metro,Android,Cash,10,502.5,6.58,65,14.0,25.3,2,542.33,Standard
CUS-01926,67,Semi_Urban,Android,Card,40,532.6,23.11,23,7.2,89.2,3,656.57,Standard
CUS-02041,47,Semi_Urban,Android,Auto_Debit,14,463.9,26.31,46,36.5,59.2,5,739.23,Standard
CUS-00542,51,Urban,Android,Card,48,607.3,27.84,146,1.9,117.1,1,800.17,Standard
CUS-01761,70,Semi_Urban,Android,UPI,32,316.5,18.84,15,44.0,92.8,1,568.02,Standard
CUS-01500,57,Metro,iOS,UPI,13,410.5,13.65,62,41.3,41.1,0,856.06,Basic
CUS-00611,64,Urban,iOS,Auto_Debit,27,375.5,29.96,61,26.6,141.7,4,900.41,Standard
CUS-00530,55,Semi_Urban,iOS,Card,23,318.5,18.75,79,26.8,109.4,0,703.32,Standard
CUS-01709,56,Metro,Android,Auto_Debit,26,462.6,12.23,9,24.5,61.8,1,560.53,Standard
CUS-02118,46,Semi_Urban,iOS,Card,30,499.5,25.05,60,77.1,105.8,1,910.71,Standard
CUS-01062,52,Rural,iOS,Cash,36,635.9,50.01,104,22.0,218.5,2,1286.28,Premium
CUS-01102,48,Semi_Urban,Feature_Phone,Auto_Debit,20,51.5,8.2,81,34.9,39.7,0,404.75,Basic
CUS-00055,69,Semi_Urban,Android,Cash,43,276.3,27.61,196,2.4,103.1,2,657.54,Standard
CUS-01714,66,Metro,iOS,UPI,57,512.5,63.19,49,18.6,288.1,2,1101.23,Premium
CUS-01900,60,Semi_Urban,Android,Auto_Debit,40,499.4,8.89,46,26.1,45.5,3,390.51,Basic
CUS-02264,52,Metro,iOS,Auto_Debit,30,633.3,29.02,61,28.3,150.8,1,1024.6,Standard
CUS-02366,62,Semi_Urban,iOS,Card,40,523.4,25.96,76,25.3,126.0,4,787.01,Standard
CUS-00866,28,Semi_Urban,Android,Cash,16,383.1,26.62,36,54.4,105.2,3,635.83,Standard
CUS-01720,37,Urban,Feature_Phone,UPI,32,338.3,0.1,70,3.8,7.8,0,493.94,Basic
CUS-00833,23,Urban,iOS,Cash,33,627.1,69.54,132,13.7,295.8,1,1274.88,Premium
CUS-00987,24,Urban,Feature_Phone,Auto_Debit,45,810.7,0.1,39,100.1,0.0,2,614.65,Basic
CUS-01027,22,Metro,Android,UPI,18,159.3,32.13,51,18.8,118.3,2,631.85,Standard
CUS-02166,55,Urban,Android,Card,53,388.3,5.43,123,12.5,54.2,2,394.57,Basic
CUS-01860,43,Urban,Android,Cash,25,733.0,27.17,59,16.4,122.2,0,886.71,Standard
CUS-01127,67,Metro,iOS,Auto_Debit,44,633.9,20.22,77,21.4,81.7,2,819.68,Standard
CUS-02086,21,Metro,Android,Card,4,314.0,41.93,17,39.7,169.7,0,858.23,Standard
CUS-00180,18,Semi_Urban,Android,Auto_Debit,10,664.1,5.98,11,74.5,25.6,1,520.67,Standard
CUS-01756,38,Semi_Urban,Feature_Phone,Auto_Debit,16,524.2,0.1,65,20.5,21.7,1,441.88,Basic
CUS-00265,67,Urban,iOS,Card,17,771.3,27.27,138,5.8,132.7,2,827.2,Standard
CUS-01194,35,Metro,iOS,UPI,43,694.4,21.18,11,35.6,113.9,1,853.59,Standard
CUS-00638,29,Metro,Android,Cash,18,602.6,22.62,42,22.2,76.5,0,700.95,Standard
CUS-00519,67,Urban,Feature_Phone,Card,42,453.8,6.59,49,15.8,37.7,0,586.99,Basic
CUS-00748,63,Metro,Android,Card,44,527.0,12.98,68,78.4,61.2,0,668.33,Standard
CUS-01197,62,Semi_Urban,Android,Auto_Debit,30,496.8,26.24,68,3.7,119.6,2,779.65,Standard
CUS-01450,62,Metro,Android,Cash,65,457.5,26.56,18,22.2,120.3,2,771.58,Standard
CUS-00419,28,Urban,Android,Auto_Debit,29,556.9,34.69,125,9.0,162.2,0,917.19,Standard
CUS-01294,21,Urban,Android,UPI,4,468.7,9.79,90,22.9,16.0,0,701.66,Basic
CUS-02389,58,Rural,iOS,UPI,17,504.5,55.94,44,1.3,252.6,0,1111.66,Premium
CUS-00671,27,Metro,Feature_Phone,UPI,17,288.5,22.73,26,19.8,115.1,2,685.42,Basic
CUS-01587,28,Metro,Feature_Phone,Auto_Debit,14,642.9,0.1,90,21.2,0.0,1,531.89,Basic
CUS-00501,50,Semi_Urban,Android,UPI,51,497.6,9.35,11,1.6,60.2,0,377.59,Basic
CUS-00027,29,Metro,Android,UPI,47,144.6,27.92,3,40.8,107.1,1,712.61,Premium
CUS-00255,46,Urban,iOS,Auto_Debit,51,420.0,43.84,39,36.8,167.4,0,1052.93,Premium
CUS-01388,64,Metro,iOS,Auto_Debit,51,564.9,21.34,16,55.9,74.4,0,882.29,Standard
CUS-00822,69,Metro,Android,Card,11,457.7,7.79,24,21.5,39.2,0,640.99,Basic
CUS-01094,29,Urban,Android,Card,3,590.8,32.32,42,55.1,147.3,1,827.52,Standard
CUS-02155,55,Urban,iOS,UPI,59,566.1,31.48,77,2.9,151.3,2,871.16,Standard
CUS-01459,66,Urban,Android,Auto_Debit,18,263.4,31.34,25,27.6,133.7,2,641.26,Standard
CUS-00766,57,Metro,Android,Auto_Debit,5,560.0,7.34,22,26.7,25.4,0,671.47,Basic
CUS-01978,32,Semi_Urban,Android,Cash,53,435.6,48.94,69,4.1,172.8,2,1095.44,Premium
CUS-01502,36,Metro,iOS,UPI,14,750.6,35.86,45,55.8,157.8,1,1098.31,Standard
CUS-01108,55,Metro,Android,UPI,41,825.4,12.0,42,30.4,44.2,1,716.06,Standard
CUS-00831,67,Metro,Android,Card,16,328.7,32.84,33,17.7,137.7,0,632.62,Standard
CUS-01797,37,Metro,iOS,Cash,9,357.0,44.96,90,21.3,181.4,3,804.8,Standard
CUS-00654,40,Metro,iOS,Auto_Debit,44,326.8,12.36,96,29.6,40.3,2,503.98,Basic
CUS-01201,56,Urban,iOS,Auto_Debit,84,441.9,15.16,74,16.6,110.7,3,702.9,Standard
CUS-00094,64,Urban,Android,Auto_Debit,68,957.5,12.59,80,8.4,36.5,1,768.46,Standard
CUS-01659,36,Rural,Android,Cash,5,441.8,22.51,68,27.9,101.7,1,539.05,Standard
CUS-00816,66,Metro,Feature_Phone,Card,22,631.2,0.1,61,28.1,4.9,0,466.43,Basic
CUS-01422,61,Metro,Android,Auto_Debit,2,772.0,44.35,47,15.7,167.4,1,1022.26,Premium
CUS-02111,49,Metro,Android,Card,84,481.7,25.34,10,41.7,123.6,4,732.51,Standard
CUS-00572,21,Urban,Android,Card,41,530.5,10.47,81,89.5,38.3,2,533.63,Standard
CUS-01456,51,Semi_Urban,Android,UPI,27,487.1,29.41,153,11.2,108.7,2,832.61,Standard
CUS-01594,20,Metro,Android,UPI,51,446.7,14.9,57,25.2,65.5,1,657.3,Standard
CUS-00444,53,Semi_Urban,Android,UPI,84,371.2,45.19,33,31.5,181.6,1,711.23,Premium
CUS-02028,41,Urban,iOS,Card,35,20.0,13.57,40,36.8,46.2,0,575.11,Basic
CUS-01810,35,Metro,iOS,Auto_Debit,17,284.4,16.57,15,12.8,73.3,3,639.15,Basic
CUS-01743,19,Metro,iOS,Card,2,291.9,18.48,8,40.2,52.1,0,629.09,Standard
CUS-01513,25,Semi_Urban,iOS,Card,19,248.9,62.73,4,1.4,243.4,2,1110.58,Premium
CUS-02384,55,Urban,Feature_Phone,Card,36,257.9,0.86,81,21.1,21.3,2,380.38,Basic
CUS-00078,46,Rural,Android,Card,51,485.1,8.89,56,5.0,6.5,1,615.3,Standard
CUS-01479,36,Urban,Android,Auto_Debit,25,448.4,70.46,15,99.5,285.7,1,1275.68,Premium
CUS-01004,56,Urban,Android,UPI,61,605.8,29.05,73,1.5,91.3,1,635.86,Standard
CUS-02331,61,Semi_Urban,iOS,Auto_Debit,62,518.5,20.04,63,56.1,108.5,2,771.96,Standard
CUS-00865,20,Metro,Android,Card,10,343.9,13.92,20,27.2,55.9,0,568.96,Standard
CUS-01925,54,Urban,Feature_Phone,UPI,7,234.6,0.1,62,99.3,0.0,2,312.83,Basic
CUS-02018,70,Urban,iOS,Card,20,421.2,35.21,4,16.9,156.1,3,924.13,Standard
CUS-01879,52,Semi_Urban,iOS,UPI,21,391.2,15.96,17,18.4,77.8,0,580.81,Standard
CUS-00364,19,Urban,iOS,UPI,45,390.3,12.34,25,22.1,57.6,0,733.61,Standard
CUS-00738,51,Urban,iOS,Card,34,438.9,31.01,99,7.2,108.0,2,780.59,Standard
CUS-01862,60,Semi_Urban,Android,Cash,11,747.4,11.9,62,5.5,67.8,1,658.72,Standard
CUS-00637,41,Urban,Android,Card,3,214.7,7.54,74,9.0,22.8,1,248.17,Basic
CUS-01003,23,Semi_Urban,Android,UPI,14,82.6,21.11,53,9.5,101.2,2,649.15,Standard
CUS-01463,57,Rural,Android,UPI,76,644.8,21.41,140,3.3,98.2,1,732.43,Standard
CUS-00723,35,Rural,Android,UPI,9,328.5,24.19,177,74.3,91.8,0,767.26,Standard
CUS-00238,55,Urban,Android,Cash,66,181.7,11.53,23,10.7,28.7,0,461.79,Basic
CUS-00267,45,Metro,Android,UPI,11,666.6,31.68,29,38.1,135.1,0,852.04,Standard
CUS-00107,34,Urban,Android,UPI,45,333.6,25.35,9,19.6,138.4,2,767.91,Standard
CUS-01641,32,Rural,Android,Auto_Debit,44,384.3,10.93,65,23.5,46.5,1,620.47,Standard
CUS-00855,33,Rural,iOS,Cash,19,486.7,15.22,42,57.8,81.7,1,792.78,Standard
CUS-01113,46,Urban,iOS,Cash,21,566.1,28.71,155,36.4,151.0,1,932.67,Standard
CUS-02076,57,Semi_Urban,Android,Card,62,301.7,24.7,85,1.7,42.0,0,661.31,Standard
CUS-00111,35,Semi_Urban,Android,Auto_Debit,26,358.0,8.12,21,36.9,43.4,0,510.03,Basic
CUS-02283,33,Urban,Android,Cash,33,355.9,34.28,66,4.5,120.4,1,688.82,Standard
CUS-01293,34,Metro,iOS,Auto_Debit,25,363.4,34.99,53,14.2,110.2,0,753.22,Standard
CUS-02142,35,Rural,iOS,Auto_Debit,48,295.4,30.28,49,47.8,109.9,0,900.45,Standard
CUS-00454,50,Rural,Android,Card,23,623.2,51.26,107,34.2,200.7,0,1120.06,Premium
CUS-01042,51,Urban,Android,UPI,16,377.1,37.37,30,31.0,109.9,0,855.94,Standard
CUS-00835,57,Metro,Feature_Phone,Card,53,402.1,17.34,31,37.8,48.0,1,651.41,Basic
CUS-01942,52,Semi_Urban,Android,Cash,33,143.7,21.84,88,24.5,96.5,0,491.05,Standard
CUS-00124,25,Rural,iOS,Cash,47,621.8,26.9,170,20.0,110.0,1,811.0,Standard
CUS-01815,49,Rural,iOS,Card,10,344.3,31.6,104,8.8,121.9,2,685.94,Standard
CUS-02060,56,Semi_Urban,Android,Auto_Debit,10,345.8,9.83,83,5.0,49.0,1,492.18,Basic
CUS-00993,62,Metro,Feature_Phone,Auto_Debit,38,601.2,40.55,24,52.1,193.2,3,907.0,Standard
CUS-00036,60,Urban,iOS,Auto_Debit,67,270.5,32.33,27,6.4,110.3,4,917.94,Premium
CUS-01892,51,Urban,Android,Auto_Debit,56,365.5,65.76,7,4.0,262.1,1,1164.52,Premium
CUS-00580,37,Semi_Urban,Android,Auto_Debit,59,578.5,37.17,16,10.6,131.8,2,880.28,Premium
CUS-00221,62,Urban,Android,UPI,13,637.8,12.52,20,9.4,55.5,0,606.06,Standard
CUS-00552,39,Urban,Android,Auto_Debit,84,635.7,8.1,44,25.5,0.0,0,529.27,Basic
CUS-00284,55,Semi_Urban,Android,UPI,48,437.2,42.27,16,7.2,155.5,1,722.43,Standard
CUS-02209,45,Semi_Urban,iOS,Cash,63,291.8,24.0,37,10.0,93.0,2,691.97,Standard
CUS-00676,49,Semi_Urban,Android,Cash,22,669.4,6.2,30,19.5,34.5,3,586.73,Basic
CUS-02347,52,Semi_Urban,Feature_Phone,UPI,65,378.4,0.1,14,19.3,39.6,2,510.61,Basic
CUS-00032,20,Urban,iOS,UPI,47,275.9,24.6,35,31.3,135.8,0,717.1,Standard
CUS-01683,52,Metro,Feature_Phone,Cash,49,445.2,0.1,102,53.7,12.1,0,516.68,Basic
CUS-00192,44,Metro,Android,Card,52,284.2,6.63,90,25.8,0.0,1,412.2,Basic
CUS-02230,42,Rural,Android,Card,19,382.1,12.21,28,3.8,59.1,1,527.06,Standard
CUS-02071,70,Metro,iOS,Card,27,335.4,25.69,58,55.7,97.0,0,810.52,Standard
CUS-02138,26,Rural,Android,UPI,29,385.7,15.81,231,19.0,87.9,3,575.87,Standard
CUS-01597,59,Urban,Feature_Phone,UPI,8,489.4,15.15,96,2.4,24.6,0,560.88,Basic
CUS-00405,39,Semi_Urban,Android,Auto_Debit,65,485.7,2.85,64,20.2,36.3,2,577.84,Basic
CUS-00331,33,Urban,iOS,UPI,26,446.7,21.22,120,84.8,73.1,2,797.37,Basic
CUS-02128,51,Semi_Urban,iOS,Card,30,870.4,21.99,66,21.3,64.7,0,961.62,Standard
CUS-00026,52,Semi_Urban,iOS,UPI,7,635.1,22.35,53,34.7,83.7,1,754.0,Standard
CUS-01843,58,Urban,Feature_Phone,Auto_Debit,55,353.3,0.24,29,37.2,0.0,0,513.97,Basic
CUS-01758,53,Semi_Urban,Android,Card,20,124.1,13.38,108,8.7,52.8,2,564.61,Standard
CUS-00592,25,Metro,Android,UPI,84,568.1,44.51,26,52.4,216.0,2,1048.53,Premium
CUS-01725,26,Metro,Android,Auto_Debit,40,426.2,19.92,79,17.1,113.4,1,745.34,Standard
CUS-01950,61,Urban,Android,UPI,17,602.0,18.01,19,12.8,70.5,1,734.78,Standard
CUS-00392,60,Rural,iOS,Card,13,359.8,10.62,51,53.0,54.7,0,558.32,Basic
CUS-01610,24,Urban,iOS,Card,32,627.3,50.66,79,41.3,193.0,0,1162.82,Premium
CUS-01769,56,Urban,Android,Auto_Debit,55,194.4,11.4,66,1.8,69.8,1,367.59,Basic
CUS-02193,54,Metro,Android,UPI,21,386.1,9.25,28,21.0,16.2,0,553.14,Basic
CUS-00396,68,Urban,iOS,Card,71,585.0,28.09,34,16.7,139.8,0,963.29,Standard
CUS-00416,44,Semi_Urban,iOS,Auto_Debit,12,611.3,16.03,95,21.9,52.3,1,913.96,Standard
CUS-00765,53,Metro,Android,Cash,37,659.5,17.55,26,32.3,45.0,3,701.4,Standard
CUS-01626,22,Metro,Android,Auto_Debit,29,431.7,12.63,124,24.5,65.0,1,618.82,Basic
CUS-00375,34,Metro,Feature_Phone,Cash,20,274.6,62.83,51,84.8,264.1,2,1232.96,Premium
CUS-01145,65,Urban,Android,Card,39,609.6,93.64,57,12.2,410.3,1,1506.84,Premium
CUS-01058,19,Urban,Feature_Phone,UPI,84,359.9,0.1,18,1.5,53.8,0,472.2,Basic
CUS-00810,22,Metro,Android,UPI,13,268.8,57.28,194,34.1,191.6,1,964.95,Premium
CUS-00003,66,Semi_Urban,Android,Auto_Debit,24,196.5,37.94,11,20.0,140.6,0,878.84,Premium
CUS-00711,52,Rural,Android,UPI,14,483.9,23.7,20,6.8,85.5,0,732.75,Standard
CUS-01490,61,Metro,Android,Card,31,511.4,16.11,27,57.9,50.8,0,571.84,Standard
CUS-00947,24,Semi_Urban,Android,Auto_Debit,19,259.1,6.57,6,1.4,0.2,3,327.21,Basic
CUS-01258,64,Semi_Urban,iOS,Auto_Debit,18,353.4,15.06,66,17.3,28.0,2,615.99,Basic
CUS-01953,29,Metro,iOS,Auto_Debit,42,209.9,37.31,47,40.0,112.2,3,823.88,Standard
CUS-00977,35,Metro,Android,Auto_Debit,41,545.7,9.36,32,47.5,72.8,1,506.94,Standard
CUS-01883,32,Urban,Android,UPI,36,360.6,31.22,77,49.0,170.6,0,691.44,Standard
CUS-01209,61,Urban,Android,Card,41,641.4,19.43,75,12.3,59.3,1,790.76,Standard
CUS-00196,33,Semi_Urban,Android,Auto_Debit,12,414.6,25.9,67,18.2,101.3,1,775.38,Standard
CUS-01315,31,Rural,iOS,Cash,52,310.6,43.94,19,0.1,203.4,1,1035.78,Premium
CUS-00090,50,Urban,Android,Auto_Debit,34,755.1,35.47,53,1.6,140.4,2,935.31,Standard
CUS-02174,70,Semi_Urban,iOS,UPI,17,365.7,64.41,195,26.3,288.4,1,1220.13,Premium
CUS-00477,24,Urban,Android,Auto_Debit,7,667.6,8.49,48,88.5,32.5,1,610.69,Standard
CUS-01260,46,Urban,Android,UPI,14,454.1,15.61,21,2.3,63.6,0,611.13,Standard
CUS-00870,65,Urban,iOS,Auto_Debit,9,104.6,28.94,24,36.8,145.5,0,606.53,Standard
CUS-00133,38,Rural,Android,UPI,39,570.8,26.82,32,51.0,97.0,2,767.91,Standard
CUS-01262,44,Semi_Urban,iOS,Card,32,455.0,60.57,6,31.9,274.6,3,1143.05,Premium
CUS-00798,23,Urban,Feature_Phone,UPI,44,299.3,55.57,52,85.6,220.1,2,1015.53,Premium
CUS-00967,24,Metro,iOS,Card,21,833.2,13.85,116,28.7,69.3,1,805.47,Standard
CUS-01672,20,Metro,Android,UPI,60,540.3,52.26,31,14.6,215.6,2,1091.3,Premium
CUS-02084,55,Semi_Urban,Android,UPI,13,561.0,36.38,87,41.9,204.7,0,880.9,Standard
CUS-00257,55,Urban,iOS,Auto_Debit,34,492.0,40.37,90,25.0,182.3,0,1009.03,Premium
CUS-01622,21,Rural,Android,UPI,6,327.1,51.62,52,46.2,220.0,5,832.63,Premium
CUS-01851,49,Metro,Android,UPI,25,660.4,7.49,139,137.4,28.9,0,758.73,Standard
CUS-02006,20,Semi_Urban,iOS,UPI,9,375.9,28.6,85,0.4,102.0,1,842.06,Standard
CUS-00343,68,Urban,Android,Card,36,162.9,23.54,16,1.0,101.9,0,528.38,Standard
CUS-02236,26,Semi_Urban,iOS,UPI,26,417.2,31.77,75,22.9,157.3,1,810.63,Standard
CUS-00836,68,Semi_Urban,Android,UPI,31,526.4,61.94,35,63.7,269.1,2,991.44,Premium
CUS-00103,51,Rural,iOS,Auto_Debit,13,768.1,31.92,75,15.6,156.2,0,986.02,Standard
CUS-00726,22,Semi_Urban,iOS,UPI,28,297.5,28.08,5,4.4,96.3,0,808.23,Standard
CUS-00322,55,Urban,Android,UPI,11,744.0,34.32,33,7.6,129.6,2,919.12,Standard
CUS-01782,40,Semi_Urban,iOS,Card,13,368.3,43.93,21,14.8,171.2,2,848.69,Standard
CUS-00127,24,Rural,iOS,Card,8,495.4,21.07,22,49.4,71.9,2,828.96,Standard
CUS-00313,45,Semi_Urban,Feature_Phone,UPI,20,633.2,19.12,29,96.1,91.0,1,793.11,Standard
CUS-00753,34,Metro,Android,UPI,12,573.0,15.35,41,51.4,102.6,1,777.77,Standard
CUS-01967,45,Metro,iOS,Auto_Debit,17,560.2,35.33,25,70.8,166.9,1,1019.24,Standard
CUS-02124,19,Metro,Android,Auto_Debit,13,521.5,4.17,8,34.4,60.3,3,383.09,Standard
CUS-00653,37,Semi_Urban,iOS,Auto_Debit,4,368.2,31.45,57,7.5,148.3,0,729.03,Standard
CUS-01067,35,Metro,iOS,Cash,37,217.4,106.28,54,24.9,420.0,1,1598.1,Premium
CUS-01522,62,Metro,Android,Card,69,275.4,29.99,61,102.9,134.1,0,817.66,Standard
CUS-01653,42,Urban,Android,UPI,28,269.0,20.66,58,64.8,77.3,2,541.62,Standard
CUS-01405,69,Urban,Android,UPI,19,730.8,24.41,88,20.6,98.8,0,750.03,Standard
CUS-01711,23,Semi_Urban,Android,Card,84,525.2,10.2,91,7.7,38.6,2,494.79,Standard
CUS-00712,36,Semi_Urban,Android,UPI,21,139.8,9.21,30,14.3,25.8,2,404.83,Basic
CUS-01420,63,Urban,iOS,UPI,17,354.5,19.85,8,31.9,56.9,3,685.93,Standard
CUS-00544,66,Semi_Urban,iOS,Cash,45,248.1,15.94,9,26.0,36.5,2,612.37,Standard
CUS-00641,39,Metro,Android,Card,17,379.2,34.68,92,27.6,162.9,0,866.33,Standard
CUS-00543,61,Rural,Android,UPI,22,568.3,10.61,22,9.2,18.4,4,598.83,Standard
CUS-01207,29,Semi_Urban,iOS,Card,26,279.6,28.13,28,5.0,136.9,1,772.56,Standard
CUS-01570,55,Semi_Urban,Android,Cash,5,391.9,74.89,53,51.5,340.9,1,1302.62,Premium
CUS-01866,28,Urban,Android,Auto_Debit,25,476.1,53.39,47,6.6,201.5,1,1006.22,Premium
CUS-00980,39,Semi_Urban,Feature_Phone,UPI,39,296.5,3.62,139,39.0,0.0,3,450.8,Basic
CUS-00232,51,Urban,iOS,Auto_Debit,20,300.8,67.03,24,55.6,254.8,1,1217.82,Premium
CUS-00960,52,Metro,iOS,Cash,44,664.5,44.56,54,37.2,183.3,1,1031.45,Standard
CUS-01929,35,Semi_Urban,Android,UPI,9,387.9,7.54,8,25.4,14.3,2,556.78,Standard
CUS-01061,69,Urban,iOS,UPI,29,329.3,11.42,51,6.8,74.2,0,620.62,Basic
CUS-00639,50,Semi_Urban,Android,UPI,73,840.0,30.56,24,30.2,113.8,1,920.19,Standard
CUS-00839,35,Urban,Feature_Phone,Cash,45,317.3,7.04,156,7.0,15.6,1,568.52,Basic
CUS-00895,30,Urban,Android,Card,81,726.7,19.43,108,12.0,41.0,1,687.6,Standard
CUS-00933,44,Rural,iOS,UPI,19,745.7,26.83,74,40.9,125.9,2,1067.63,Standard
CUS-00478,42,Metro,Android,Cash,16,293.2,24.68,45,61.7,107.5,0,751.96,Standard
CUS-01072,36,Urban,Feature_Phone,UPI,28,355.2,37.08,62,37.8,162.8,1,814.7,Standard
CUS-00584,62,Urban,Android,Card,17,528.1,7.26,47,31.5,10.8,2,603.14,Basic
CUS-01256,40,Urban,Android,UPI,14,265.8,19.87,65,11.9,64.8,3,556.22,Standard
CUS-00631,49,Semi_Urban,Android,UPI,28,336.0,100.47,39,13.6,410.5,2,1439.14,Premium
CUS-00020,46,Urban,Feature_Phone,Auto_Debit,4,644.5,0.1,279,2.6,0.0,0,459.94,Basic
CUS-01750,53,Semi_Urban,Feature_Phone,Auto_Debit,17,202.4,24.39,122,25.3,111.0,2,561.27,Basic
CUS-02104,23,Urban,Android,UPI,15,535.1,7.54,109,2.2,13.4,1,603.66,Basic
CUS-02160,45,Metro,Feature_Phone,Cash,20,405.2,0.1,59,11.2,0.0,2,413.55,Basic
CUS-00033,42,Semi_Urban,Android,Auto_Debit,57,179.2,56.94,17,78.1,262.7,2,933.66,Premium
CUS-00551,52,Urban,Android,Auto_Debit,13,613.0,31.46,102,1.5,129.6,1,638.98,Standard
CUS-02087,18,Metro,Android,Card,25,378.5,51.86,26,62.1,222.0,2,1043.76,Premium
CUS-00084,50,Semi_Urban,iOS,UPI,35,576.5,10.44,76,4.0,0.0,1,675.91,Standard
CUS-01163,44,Semi_Urban,Android,Auto_Debit,33,442.9,14.06,39,1.1,49.4,0,590.61,Standard
CUS-00472,35,Urban,Feature_Phone,UPI,43,242.8,0.1,49,9.7,0.0,2,363.96,Basic
CUS-01005,57,Metro,Android,Card,62,430.4,6.19,131,14.2,77.5,0,492.81,Basic
CUS-01754,37,Semi_Urban,iOS,Auto_Debit,40,390.4,21.47,111,3.9,75.2,2,775.6,Standard
CUS-01708,60,Urban,Feature_Phone,UPI,16,265.4,0.1,41,20.7,0.0,1,425.51,Basic
CUS-01080,28,Metro,Android,UPI,17,248.3,19.37,106,45.8,80.9,1,616.13,Standard
CUS-00873,22,Semi_Urban,iOS,Auto_Debit,7,213.4,12.61,132,32.6,68.0,1,534.69,Basic
CUS-01002,45,Semi_Urban,Feature_Phone,Card,49,204.9,13.26,85,22.1,67.4,3,572.48,Basic
CUS-00105,40,Semi_Urban,Feature_Phone,Auto_Debit,44,418.5,0.1,52,11.2,0.0,3,512.18,Basic
CUS-01694,31,Metro,iOS,Auto_Debit,4,417.0,18.32,141,11.0,121.5,2,625.54,Standard
CUS-00147,64,Metro,Android,Auto_Debit,18,403.3,6.56,73,20.0,39.2,0,388.07,Basic
CUS-02159,69,Rural,Android,Auto_Debit,22,427.4,10.77,34,39.4,30.7,1,670.44,Basic
CUS-02297,44,Urban,Android,Auto_Debit,23,237.3,40.64,71,21.0,161.1,3,767.9,Standard
CUS-00878,70,Urban,Feature_Phone,Auto_Debit,68,560.5,5.29,19,8.4,31.0,1,468.38,Basic
CUS-02105,64,Urban,Android,Auto_Debit,38,847.4,74.33,26,10.6,325.8,1,1526.88,Premium
CUS-01274,25,Semi_Urban,Android,Card,30,346.4,46.14,88,64.5,222.5,5,982.5,Premium
CUS-01981,57,Urban,Android,Cash,25,453.5,10.33,9,11.2,43.0,0,518.84,Standard
CUS-00818,49,Rural,iOS,UPI,57,409.1,15.19,11,4.7,82.0,2,637.96,Standard
CUS-01786,18,Urban,Android,Card,8,433.3,48.58,50,33.5,192.4,1,1122.34,Standard
CUS-00662,40,Urban,Android,UPI,29,607.0,9.16,15,10.1,35.4,2,524.05,Basic
CUS-01455,33,Urban,Android,Cash,20,601.1,5.96,43,23.6,58.5,0,553.66,Basic
CUS-00958,30,Metro,Android,Card,20,316.8,4.96,41,24.5,61.4,1,349.45,Basic
CUS-02372,38,Urban,Android,UPI,41,237.7,17.71,5,22.2,93.7,1,508.18,Standard
CUS-02126,28,Metro,iOS,Card,12,501.5,13.01,60,51.3,60.3,1,763.91,Standard
CUS-00602,60,Urban,Android,Auto_Debit,39,657.7,39.05,117,16.7,184.8,1,998.94,Standard
CUS-01721,56,Metro,Feature_Phone,UPI,39,408.7,0.1,69,20.4,0.0,1,423.27,Basic
CUS-00056,63,Urban,iOS,Card,40,614.8,25.92,43,7.5,113.7,1,787.04,Standard
CUS-00184,59,Urban,iOS,Auto_Debit,3,352.6,28.54,59,34.3,110.9,0,798.55,Standard
CUS-00731,65,Urban,Android,UPI,68,588.9,10.57,50,8.3,56.2,2,571.91,Basic
CUS-00599,28,Urban,Android,Auto_Debit,74,338.9,32.72,6,10.8,123.5,0,943.39,Standard
CUS-02110,51,Semi_Urban,Android,UPI,9,614.3,11.38,78,10.6,6.5,0,649.43,Standard
CUS-01327,40,Urban,Android,Card,75,679.5,5.41,33,3.5,33.5,1,620.29,Standard
CUS-00761,54,Semi_Urban,iOS,Card,24,611.7,12.63,29,46.2,68.0,0,776.02,Standard
CUS-01234,56,Urban,Android,UPI,37,523.2,13.66,60,31.5,59.8,0,628.63,Standard
CUS-01519,59,Semi_Urban,Feature_Phone,Cash,46,479.0,0.1,46,34.8,40.1,1,335.54,Basic
CUS-01746,41,Urban,Android,UPI,15,185.5,10.27,63,6.9,21.6,2,362.34,Basic
CUS-02113,25,Urban,iOS,Auto_Debit,25,374.4,40.8,42,5.6,179.5,0,766.52,Standard
CUS-01218,70,Semi_Urban,Android,UPI,7,533.9,85.85,60,36.6,335.1,2,1332.0,Premium
CUS-01087,26,Urban,Android,Card,23,219.5,12.64,42,31.1,77.3,0,457.17,Basic
CUS-00850,25,Urban,iOS,Card,11,309.3,39.47,143,48.7,156.5,1,938.91,Standard
CUS-00182,24,Semi_Urban,Android,UPI,25,395.4,46.18,4,4.7,165.4,0,907.09,Premium
CUS-02062,31,Semi_Urban,iOS,Card,10,420.2,26.26,130,48.4,82.0,1,830.46,Standard
CUS-00746,65,Metro,Feature_Phone,Cash,48,287.9,0.1,8,17.6,0.0,0,411.33,Basic
CUS-00849,41,Urban,Android,Card,4,669.3,7.58,83,33.6,87.0,1,600.95,Standard
CUS-00338,47,Semi_Urban,Android,Card,47,652.8,13.37,39,4.9,79.5,0,671.78,Basic
CUS-00912,63,Metro,iOS,Card,18,625.8,24.38,129,22.1,107.9,0,804.86,Standard
CUS-01434,23,Metro,Android,Card,50,632.3,11.47,35,34.0,50.6,1,746.51,Standard
CUS-01671,31,Urban,Android,UPI,57,490.8,17.14,21,31.4,126.1,0,577.96,Standard
CUS-00538,63,Rural,Android,UPI,14,500.7,31.95,14,10.0,149.1,2,851.23,Standard
CUS-01365,22,Metro,Android,Auto_Debit,53,689.8,27.82,63,14.8,132.0,0,775.77,Standard
CUS-01588,22,Metro,Android,Card,17,355.2,14.53,50,65.3,54.3,0,564.45,Standard
CUS-02145,43,Metro,Android,UPI,73,242.0,22.68,67,15.8,67.4,1,634.65,Standard
CUS-01419,66,Metro,iOS,UPI,11,365.8,37.77,128,47.4,183.1,0,756.84,Standard
CUS-01872,58,Semi_Urban,iOS,Auto_Debit,41,515.2,18.24,42,19.6,79.2,0,636.67,Standard
CUS-01938,67,Semi_Urban,iOS,Auto_Debit,64,345.0,20.2,41,1.9,66.9,1,677.39,Standard
CUS-02299,37,Rural,Android,Cash,16,601.6,41.39,84,4.9,175.5,0,917.22,Standard
CUS-01825,20,Metro,iOS,Card,33,438.3,49.23,17,67.1,198.7,4,1174.33,Premium
CUS-01219,42,Urban,Android,Cash,9,430.3,32.76,51,60.0,132.1,1,920.41,Standard
CUS-01891,70,Metro,Feature_Phone,UPI,34,617.9,11.97,9,13.7,68.7,0,548.52,Standard
CUS-01332,48,Urban,Android,UPI,28,451.7,3.51,69,68.2,20.7,1,520.91,Standard
CUS-00072,33,Semi_Urban,Android,Card,18,804.9,10.41,32,50.1,49.3,1,732.97,Standard
CUS-00214,34,Metro,Android,Cash,84,265.5,18.78,124,61.2,63.7,1,564.87,Basic
CUS-01227,27,Urban,iOS,Card,84,221.8,21.53,62,8.8,78.5,4,738.66,Standard
CUS-02400,36,Urban,Android,Auto_Debit,45,571.9,20.88,50,35.9,108.1,2,752.04,Standard
CUS-02369,58,Metro,Android,Auto_Debit,46,520.6,5.04,26,39.7,28.5,1,474.9,Basic
CUS-01496,63,Urban,Android,Card,72,563.3,24.71,57,36.7,78.4,0,749.34,Standard
CUS-00483,23,Semi_Urban,Android,Cash,62,689.5,15.45,97,14.8,46.2,1,748.33,Standard
CUS-00131,52,Urban,Feature_Phone,Auto_Debit,12,647.3,0.62,44,12.7,0.0,1,469.53,Basic
CUS-02333,53,Semi_Urban,Feature_Phone,UPI,30,1004.5,42.24,14,29.4,179.5,2,1162.69,Premium
CUS-00935,51,Metro,Android,Card,29,243.5,9.68,49,27.0,43.3,3,457.06,Basic
CUS-00618,27,Rural,Android,Card,64,452.1,22.87,11,47.4,127.1,0,762.64,Standard
CUS-01719,23,Urban,Android,UPI,80,415.4,18.11,22,26.5,122.1,2,511.67,Basic
CUS-01268,21,Rural,Android,Card,33,452.5,33.72,13,36.7,137.0,1,754.52,Standard
CUS-00879,32,Rural,Android,UPI,13,159.7,26.4,6,5.2,111.3,1,621.5,Standard
CUS-01583,44,Metro,Android,Auto_Debit,27,801.6,6.23,100,70.1,41.9,3,848.86,Standard
CUS-01452,34,Urban,Android,Auto_Debit,53,554.5,20.49,52,39.6,112.9,1,778.1,Standard
CUS-00272,57,Metro,iOS,UPI,58,394.4,19.44,33,84.2,91.3,1,855.82,Standard
CUS-00533,34,Urban,iOS,Auto_Debit,38,362.4,18.0,36,3.9,80.0,0,540.17,Basic
CUS-01523,58,Semi_Urban,iOS,Auto_Debit,72,376.3,27.13,20,42.6,106.8,2,845.41,Standard
CUS-01803,65,Metro,Android,UPI,26,525.0,11.32,17,25.8,58.4,1,577.75,Standard
CUS-01986,64,Semi_Urban,Android,UPI,44,444.3,5.46,28,14.2,35.8,1,661.26,Standard
CUS-00965,35,Urban,iOS,Auto_Debit,55,664.3,42.53,108,34.5,172.2,2,1182.39,Premium
CUS-01277,69,Urban,iOS,Card,24,499.1,21.9,33,3.9,67.4,0,729.12,Basic
CUS-02260,55,Urban,Android,UPI,11,614.0,15.16,77,59.7,59.8,0,670.21,Standard
CUS-00820,25,Rural,Android,UPI,9,286.7,36.08,63,19.1,125.5,1,782.59,Standard
CUS-00966,29,Metro,Android,Auto_Debit,30,330.0,32.19,86,21.0,157.0,2,659.73,Standard
CUS-01357,31,Urban,Android,UPI,24,578.6,25.25,81,40.2,114.2,0,788.74,Standard
CUS-01792,27,Rural,iOS,Cash,22,590.8,37.16,54,3.1,146.8,2,954.28,Standard
CUS-00928,43,Urban,iOS,UPI,32,495.5,54.82,76,39.4,214.0,2,1129.89,Premium
CUS-00872,36,Urban,Feature_Phone,Auto_Debit,21,413.2,2.22,83,10.8,18.6,1,426.87,Basic
CUS-01073,39,Metro,Android,Auto_Debit,6,303.0,38.6,7,42.7,183.9,0,794.12,Standard
CUS-01961,28,Rural,Android,Auto_Debit,17,570.1,68.99,19,22.8,285.8,2,1266.48,Premium
CUS-01992,66,Urban,Feature_Phone,Card,27,763.8,11.82,79,9.4,69.4,1,779.96,Standard
CUS-01730,27,Semi_Urban,Android,Auto_Debit,3,535.9,30.88,42,5.6,130.0,1,637.62,Standard
CUS-00161,61,Urban,Android,Card,9,334.0,24.83,159,4.2,72.9,1,658.85,Standard
CUS-01286,48,Urban,Feature_Phone,Auto_Debit,26,269.7,0.1,113,16.9,0.0,3,366.63,Basic
CUS-00337,69,Semi_Urban,iOS,UPI,13,727.9,36.53,32,92.2,116.8,0,1149.06,Standard
CUS-00995,59,Urban,Android,UPI,84,526.4,12.84,65,46.3,86.7,0,596.63,Standard
CUS-02103,22,Metro,Android,Auto_Debit,14,577.0,7.37,64,66.9,60.6,4,571.99,Basic
CUS-00505,68,Semi_Urban,iOS,Card,3,516.8,14.56,59,51.2,36.3,0,648.48,Standard
CUS-00975,27,Rural,Android,Auto_Debit,17,458.3,31.33,92,17.7,109.5,0,748.19,Standard
CUS-00466,40,Semi_Urban,Feature_Phone,UPI,59,272.2,40.53,128,32.3,193.7,1,675.72,Standard
CUS-02381,59,Metro,Feature_Phone,Card,12,449.2,2.62,32,14.0,0.0,0,387.38,Basic
CUS-02271,49,Urban,Android,Card,41,445.7,4.73,4,5.7,52.5,0,566.46,Basic
CUS-00247,50,Metro,Android,Card,8,409.7,6.98,112,49.4,36.0,1,537.58,Standard
CUS-00178,46,Metro,iOS,UPI,43,711.3,30.48,82,17.0,121.0,0,941.93,Standard
CUS-00871,51,Urban,Android,Auto_Debit,21,220.1,28.93,129,2.8,101.2,1,691.82,Standard
CUS-02215,18,Urban,iOS,Auto_Debit,57,634.4,44.9,19,3.7,210.0,0,904.08,Standard
CUS-00403,47,Metro,iOS,Card,40,550.0,74.02,66,16.0,289.6,1,1451.63,Premium
CUS-01718,50,Semi_Urban,Android,Auto_Debit,41,558.1,19.69,94,21.2,98.8,1,636.35,Standard
CUS-00461,52,Rural,iOS,UPI,26,395.7,19.45,22,47.1,95.3,2,724.57,Standard
CUS-02190,40,Urban,Android,Cash,67,286.2,13.92,95,19.9,83.0,1,545.4,Basic
CUS-00801,28,Urban,Android,Cash,84,206.5,25.45,138,12.5,100.4,0,660.76,Standard
CUS-01128,41,Urban,iOS,UPI,27,121.1,70.83,152,2.5,302.6,0,1226.06,Premium
CUS-02268,70,Metro,Android,Cash,22,336.8,44.53,21,69.8,190.4,0,953.73,Premium
CUS-01248,31,Semi_Urban,iOS,Auto_Debit,64,540.8,13.3,73,27.1,80.1,0,684.32,Standard
CUS-02256,52,Metro,iOS,UPI,44,388.1,19.07,45,19.8,80.9,0,772.66,Standard
CUS-00359,30,Urban,Android,UPI,11,330.6,6.9,27,4.4,60.2,0,419.68,Basic
CUS-00770,35,Rural,Android,UPI,39,248.5,15.29,130,50.9,80.1,1,544.67,Standard
CUS-01310,46,Semi_Urban,iOS,Auto_Debit,6,308.3,22.34,52,32.0,81.3,1,677.89,Standard
CUS-00464,37,Semi_Urban,Android,Cash,84,750.9,32.37,94,3.1,124.3,2,945.56,Standard
CUS-01193,27,Metro,iOS,Card,24,376.5,14.4,36,106.3,85.7,0,745.2,Basic
CUS-01319,62,Metro,Android,Card,29,530.5,25.62,114,22.6,133.1,0,834.55,Standard
CUS-02321,46,Metro,Android,Auto_Debit,84,267.1,9.62,64,47.2,46.7,0,329.73,Basic
CUS-01739,43,Metro,Android,Auto_Debit,26,236.5,20.21,89,15.6,57.5,0,551.72,Basic
CUS-01032,54,Metro,Feature_Phone,Card,23,551.1,0.1,28,13.2,19.2,1,501.45,Basic
CUS-00825,47,Semi_Urban,Android,Auto_Debit,27,327.7,13.48,81,26.2,52.0,2,477.05,Standard
CUS-00733,56,Metro,iOS,Auto_Debit,46,408.2,14.36,75,38.6,64.9,2,700.79,Standard
CUS-00021,31,Metro,iOS,Card,37,806.9,20.98,114,17.6,76.4,0,771.21,Standard
CUS-02316,21,Rural,iOS,Card,21,673.7,23.61,22,51.6,91.1,2,918.12,Standard
CUS-00889,65,Metro,Android,Auto_Debit,31,508.7,37.27,22,32.8,150.0,0,811.0,Standard
CUS-00352,34,Semi_Urban,Android,UPI,35,658.1,62.45,45,30.4,288.0,0,1242.27,Premium
CUS-01023,23,Metro,Android,UPI,23,377.6,22.62,43,32.1,138.6,2,620.19,Standard
CUS-01572,31,Semi_Urban,Android,Auto_Debit,33,172.8,32.83,185,53.8,129.5,0,659.94,Standard
CUS-01478,40,Rural,Feature_Phone,UPI,25,341.6,14.63,132,33.0,57.3,3,667.27,Basic
CUS-01921,34,Metro,Android,Card,7,196.8,7.6,40,19.0,10.2,0,390.63,Basic
CUS-01835,25,Rural,Android,UPI,25,476.5,21.45,54,76.3,78.8,0,771.83,Standard
CUS-00302,32,Semi_Urban,Android,UPI,28,781.8,12.53,44,32.8,36.4,1,655.31,Standard
CUS-01387,66,Metro,Android,UPI,12,270.9,47.85,55,38.6,193.5,2,1025.77,Standard
CUS-00183,33,Urban,Android,Auto_Debit,13,175.6,8.1,82,22.0,0.0,2,410.31,Basic
CUS-01210,61,Metro,Android,Card,13,493.0,3.57,224,44.2,0.0,1,614.19,Basic
CUS-01431,39,Semi_Urban,Feature_Phone,Card,27,679.7,0.5,19,15.5,0.0,0,534.82,Basic
CUS-02343,58,Metro,Feature_Phone,UPI,23,539.5,0.1,82,19.9,0.0,0,536.81,Basic
CUS-00365,43,Metro,iOS,Card,40,725.5,14.75,54,87.4,78.1,1,872.71,Standard
CUS-01663,31,Urban,iOS,Card,29,247.5,15.61,53,5.6,75.8,1,606.67,Basic
CUS-01233,40,Urban,Android,UPI,44,460.0,12.69,51,6.2,10.5,2,596.39,Standard
CUS-01241,28,Metro,iOS,UPI,84,475.5,15.8,104,36.4,106.6,0,707.61,Standard
CUS-01857,58,Metro,Android,Card,32,387.4,38.38,14,53.9,185.8,2,683.67,Standard
CUS-01596,28,Urban,iOS,Auto_Debit,50,671.1,31.59,29,25.7,134.2,1,850.15,Standard
CUS-01571,57,Metro,Android,Cash,13,529.5,44.97,27,26.8,176.2,1,962.24,Premium
CUS-01811,34,Urban,iOS,UPI,31,355.1,26.13,41,45.2,133.4,3,969.63,Standard
CUS-01830,48,Rural,Android,Auto_Debit,8,49.8,29.93,51,9.4,170.3,3,562.55,Standard
CUS-00286,19,Metro,Android,UPI,30,217.5,22.73,10,20.8,89.1,0,612.07,Standard
CUS-00607,22,Urban,Android,Auto_Debit,9,369.6,37.31,19,8.5,139.2,0,886.09,Standard
CUS-01606,66,Urban,Android,UPI,48,422.4,17.87,30,0.9,69.5,1,583.35,Standard
CUS-00566,57,Semi_Urban,Android,Card,29,345.4,8.91,69,10.6,47.6,1,441.0,Basic
CUS-00585,67,Semi_Urban,iOS,Auto_Debit,22,778.6,59.12,63,7.8,273.8,1,1188.33,Premium
CUS-01225,46,Urban,iOS,UPI,52,503.2,74.3,21,23.7,303.1,0,1322.32,Premium
CUS-00988,54,Semi_Urban,Android,UPI,23,539.5,9.7,84,7.5,27.2,0,518.53,Standard
CUS-00134,69,Urban,Feature_Phone,Cash,14,757.3,8.26,11,15.8,33.0,0,637.32,Basic
CUS-01458,22,Metro,Feature_Phone,Cash,40,484.3,0.1,57,19.1,44.7,1,562.06,Basic
CUS-00545,48,Semi_Urban,iOS,Card,21,617.5,25.33,61,9.8,170.1,1,909.72,Standard
CUS-00918,44,Metro,iOS,Card,84,460.8,14.54,31,21.7,27.2,2,565.8,Standard
CUS-01907,45,Metro,Android,Cash,40,532.2,6.26,89,21.6,82.1,2,539.84,Basic
CUS-00774,65,Urban,Android,Cash,22,708.1,57.5,25,18.0,233.6,1,1225.73,Premium
CUS-01753,44,Urban,Android,Auto_Debit,62,679.4,36.84,121,8.1,119.8,0,863.08,Standard
CUS-01805,33,Urban,iOS,UPI,25,162.6,19.84,13,86.0,97.8,0,664.61,Basic
CUS-00376,38,Urban,Android,Cash,26,373.2,62.63,19,36.6,239.3,1,1099.67,Premium
CUS-00868,62,Urban,Android,UPI,84,281.4,12.34,21,52.0,41.4,0,523.42,Basic
CUS-01324,67,Urban,Feature_Phone,UPI,21,667.3,2.68,71,4.0,19.7,0,473.53,Basic
CUS-00615,42,Metro,Android,Card,16,373.1,11.63,42,12.3,95.9,0,522.98,Standard
CUS-01823,38,Semi_Urban,Android,UPI,25,245.5,9.46,71,26.2,83.6,0,448.64,Standard
CUS-02231,39,Metro,Android,Auto_Debit,17,398.4,21.53,35,83.4,83.1,2,730.61,Standard
CUS-02374,26,Semi_Urban,Android,UPI,70,548.2,13.08,41,4.0,29.2,2,610.38,Standard
CUS-01558,40,Metro,Android,UPI,15,646.7,38.59,21,12.3,153.0,2,913.02,Standard
CUS-00435,25,Urban,Android,Auto_Debit,30,630.5,29.52,58,12.8,79.6,0,699.64,Standard
CUS-01954,20,Rural,Feature_Phone,Card,40,153.8,2.15,20,30.0,19.7,3,431.87,Basic
CUS-01424,56,Rural,Android,UPI,35,444.6,21.53,11,59.7,81.0,4,668.61,Standard
CUS-02277,18,Rural,Android,Cash,19,587.9,31.6,6,35.4,106.8,1,757.87,Standard
CUS-00658,52,Metro,Feature_Phone,Auto_Debit,24,435.7,0.1,59,41.0,37.9,2,395.23,Basic
CUS-02288,23,Semi_Urban,Android,Auto_Debit,64,559.0,8.07,51,10.8,35.5,1,443.93,Standard
CUS-01878,30,Metro,Android,Card,28,322.9,7.34,116,93.2,33.5,1,436.43,Basic
CUS-01774,38,Semi_Urban,Android,Card,18,488.3,19.94,181,19.2,107.3,0,600.75,Standard
CUS-01054,66,Urban,Android,Cash,59,773.5,8.21,21,11.6,44.8,1,745.62,Standard
CUS-00273,66,Metro,iOS,Card,28,447.0,43.04,26,12.8,137.0,0,833.62,Standard
CUS-01006,52,Metro,Android,Auto_Debit,63,125.0,11.28,25,14.3,48.8,1,440.2,Standard
CUS-00629,51,Rural,Android,UPI,20,358.3,18.37,16,42.3,83.1,1,641.84,Standard
CUS-00475,27,Metro,Android,Auto_Debit,23,746.4,7.14,78,17.4,35.0,1,610.22,Standard
CUS-02391,24,Urban,Android,Cash,19,529.3,8.21,59,7.5,24.4,2,488.04,Basic
CUS-00540,64,Urban,Android,Card,9,292.5,5.23,35,16.9,29.2,1,241.2,Basic
CUS-01902,47,Urban,Android,Cash,36,510.1,6.43,37,19.2,8.2,2,529.93,Basic
CUS-01039,40,Semi_Urban,Feature_Phone,Cash,38,270.0,0.38,16,26.9,8.3,1,505.74,Basic
CUS-02217,63,Semi_Urban,Android,UPI,12,305.0,31.9,24,11.1,148.9,2,641.2,Standard
CUS-02320,66,Urban,Android,Card,13,425.5,7.65,4,2.5,19.3,1,400.47,Basic
CUS-01715,23,Metro,Android,Auto_Debit,61,250.6,10.74,61,34.4,48.1,1,503.38,Basic
CUS-00893,35,Urban,iOS,Cash,16,616.4,73.94,120,94.5,328.6,0,1554.58,Premium
CUS-01466,40,Rural,Android,Auto_Debit,38,821.1,80.02,242,11.2,324.6,1,1448.56,Premium
CUS-00123,60,Urban,Android,Auto_Debit,21,685.6,12.55,79,24.4,52.9,0,733.01,Standard
CUS-02064,37,Metro,Feature_Phone,UPI,31,448.0,4.32,88,17.2,35.5,1,428.28,Basic
CUS-01272,63,Urban,Feature_Phone,Cash,18,527.0,9.69,66,19.4,37.5,0,674.36,Basic
CUS-01779,44,Urban,iOS,Card,16,317.9,39.83,31,5.0,172.0,0,823.45,Standard
CUS-01735,52,Metro,iOS,UPI,29,375.1,30.93,73,10.7,130.9,0,902.74,Standard
CUS-01620,70,Rural,iOS,UPI,45,416.6,17.29,11,44.2,67.8,1,783.55,Standard
CUS-00486,57,Metro,Android,Auto_Debit,2,342.0,29.98,26,24.7,154.3,0,743.9,Standard
CUS-00455,62,Semi_Urban,Feature_Phone,UPI,5,652.6,10.4,21,30.3,38.0,0,673.35,Standard
CUS-01568,37,Urban,iOS,UPI,25,206.3,22.89,13,20.6,107.5,0,533.3,Standard
CUS-00439,50,Metro,iOS,Auto_Debit,45,424.1,31.92,46,33.0,119.7,2,1034.54,Standard
CUS-01440,45,Urban,iOS,Card,37,274.7,30.43,22,59.6,114.0,1,840.02,Standard
CUS-01996,59,Semi_Urban,iOS,Cash,27,644.0,99.18,114,2.9,420.0,1,1627.93,Premium
CUS-00231,30,Urban,Feature_Phone,Cash,36,651.0,13.32,16,22.2,48.9,1,642.74,Basic
CUS-01699,25,Urban,iOS,UPI,17,260.6,13.89,58,16.5,51.1,1,515.01,Basic
CUS-00516,21,Semi_Urban,iOS,Card,8,815.5,30.72,40,41.5,100.6,3,939.89,Standard
CUS-02334,52,Urban,Android,Auto_Debit,10,501.5,3.18,65,12.8,0.0,0,626.53,Basic
CUS-01269,22,Metro,iOS,Card,44,151.8,19.2,60,47.7,66.8,1,512.17,Standard
CUS-00347,24,Metro,Feature_Phone,Auto_Debit,12,391.7,0.1,48,37.6,29.1,0,473.58,Basic
CUS-01561,20,Urban,iOS,UPI,84,473.2,30.34,39,45.0,149.2,0,861.98,Standard
CUS-01244,20,Urban,Feature_Phone,Cash,32,460.5,0.1,11,28.4,0.0,2,383.69,Basic
CUS-01025,56,Metro,Android,Auto_Debit,32,81.5,6.38,11,55.1,23.5,1,347.04,Basic
CUS-00341,34,Semi_Urban,iOS,Card,65,391.6,16.4,50,54.5,51.0,0,639.78,Basic
CUS-02396,25,Semi_Urban,Android,UPI,33,137.0,19.98,46,17.6,106.7,2,619.42,Standard
CUS-01894,50,Urban,iOS,UPI,14,349.7,43.78,34,0.1,156.5,0,1044.59,Standard
CUS-01406,41,Metro,iOS,Auto_Debit,84,442.7,38.9,109,26.6,158.8,0,946.43,Standard
CUS-02326,20,Urban,Android,UPI,17,270.0,7.98,11,15.2,27.5,3,386.34,Basic
CUS-02010,26,Semi_Urban,iOS,Auto_Debit,76,96.0,10.56,36,2.7,45.4,1,392.95,Basic
CUS-00669,27,Rural,Feature_Phone,Card,44,398.0,0.1,57,32.5,19.5,0,435.24,Basic
CUS-02219,64,Urban,iOS,Cash,14,525.7,18.92,60,39.5,105.3,1,643.93,Standard
CUS-00070,65,Metro,Android,Card,24,244.2,31.22,87,49.3,135.7,1,710.51,Premium
CUS-01579,56,Urban,iOS,UPI,18,519.8,12.59,68,13.3,31.7,0,596.57,Standard
CUS-02220,60,Rural,Android,UPI,14,419.9,10.67,3,40.3,79.6,1,559.21,Standard
CUS-01951,27,Metro,iOS,Card,81,453.9,23.46,30,33.8,131.9,1,840.98,Standard
CUS-00173,51,Urban,Android,Card,27,627.9,21.47,44,60.4,88.9,0,734.32,Standard
CUS-00051,55,Rural,Feature_Phone,Card,25,449.8,39.35,82,17.3,153.2,3,988.4,Standard
CUS-01172,43,Urban,Android,Card,20,354.2,21.83,74,6.7,58.9,0,590.38,Standard
CUS-01884,61,Urban,Feature_Phone,Cash,63,487.7,0.1,10,5.1,0.0,2,447.99,Basic
CUS-01869,21,Urban,Android,Auto_Debit,17,772.3,21.27,105,21.9,96.5,1,815.77,Standard
CUS-01619,29,Semi_Urban,Android,UPI,45,274.0,30.09,27,44.3,94.7,2,830.46,Standard
CUS-00954,25,Semi_Urban,Android,Auto_Debit,37,588.1,31.68,135,7.3,144.6,2,860.06,Standard
CUS-01742,69,Semi_Urban,iOS,Card,51,554.3,23.19,96,11.7,130.0,1,881.24,Standard
CUS-01398,56,Metro,iOS,UPI,9,515.4,13.28,50,14.0,27.2,0,662.48,Standard
CUS-01837,27,Urban,Android,Card,84,270.6,18.64,86,25.0,75.6,2,643.62,Standard
CUS-00670,67,Semi_Urban,iOS,Auto_Debit,13,232.4,21.4,80,2.2,82.3,1,572.2,Standard
CUS-01861,57,Urban,Android,Auto_Debit,18,194.5,75.07,25,30.8,345.4,1,1148.07,Premium
CUS-00008,68,Metro,Android,UPI,7,369.5,14.12,49,103.0,26.2,0,674.15,Basic
CUS-01208,36,Urban,Feature_Phone,UPI,18,649.1,0.1,32,14.3,0.0,1,544.67,Basic
CUS-01311,36,Urban,Android,UPI,55,363.4,22.47,33,2.3,113.5,1,546.67,Standard
CUS-00404,42,Semi_Urban,Feature_Phone,Auto_Debit,53,449.3,0.1,23,35.0,16.2,1,284.78,Basic
CUS-01211,44,Rural,iOS,Card,76,580.7,44.6,28,4.5,176.0,0,1076.23,Standard
CUS-02212,36,Urban,iOS,Card,11,674.0,43.27,126,20.0,145.5,1,994.82,Standard
CUS-00430,52,Rural,iOS,UPI,33,675.2,27.51,34,38.5,114.6,1,988.63,Standard
CUS-01652,20,Urban,iOS,Auto_Debit,11,618.4,62.85,16,4.3,255.9,0,1346.86,Premium
CUS-02332,60,Urban,Android,Auto_Debit,16,482.5,24.19,33,7.9,80.4,0,654.87,Standard
CUS-00802,18,Urban,iOS,UPI,46,645.5,29.32,144,40.0,109.3,1,874.78,Standard
CUS-01534,42,Metro,iOS,UPI,41,470.3,39.48,25,29.0,199.5,0,988.1,Premium
CUS-01706,45,Semi_Urban,iOS,Card,16,452.4,11.2,39,43.4,52.4,1,768.62,Standard
CUS-01222,66,Metro,Feature_Phone,UPI,73,952.7,6.7,5,37.6,9.3,4,752.14,Basic
CUS-00250,62,Rural,Feature_Phone,Card,12,31.2,55.47,37,16.1,216.4,0,828.06,Premium
CUS-02119,56,Metro,Android,Auto_Debit,16,523.0,11.27,23,28.4,37.9,2,557.33,Standard
CUS-01922,62,Urban,Android,Auto_Debit,15,605.8,10.84,16,11.6,71.7,3,496.37,Standard
CUS-00449,23,Metro,Android,Auto_Debit,13,404.6,54.54,71,64.2,276.3,3,939.41,Premium
CUS-00570,19,Semi_Urban,Feature_Phone,UPI,22,517.2,0.1,75,23.2,0.0,1,572.4,Basic
CUS-01781,25,Urban,Android,Auto_Debit,75,229.0,3.81,32,1.9,0.0,1,243.39,Standard
CUS-00149,70,Metro,iOS,Cash,26,314.6,14.1,66,31.5,65.3,0,698.67,Standard
CUS-00235,49,Urban,Android,Cash,46,840.7,10.23,47,87.2,53.3,0,715.29,Standard
CUS-02272,61,Metro,iOS,UPI,16,296.2,17.25,81,28.4,61.1,2,684.12,Basic
CUS-01423,52,Urban,iOS,Cash,26,632.4,41.76,70,27.5,190.7,4,1067.09,Standard
CUS-02129,64,Urban,Android,UPI,68,707.1,62.94,42,4.6,287.0,0,1015.82,Premium
CUS-00767,40,Rural,Android,UPI,42,488.0,8.3,77,47.7,44.5,1,565.99,Basic
CUS-01273,23,Metro,Android,UPI,28,383.4,62.6,11,22.3,251.5,0,1079.71,Premium
CUS-01036,58,Semi_Urban,iOS,Card,32,627.2,26.27,13,7.1,75.1,1,901.52,Standard
CUS-01507,41,Semi_Urban,Android,UPI,17,83.2,12.33,38,4.9,31.6,2,291.85,Basic
CUS-00927,60,Metro,Android,UPI,82,704.9,6.28,58,14.7,17.4,1,575.64,Standard
CUS-02188,53,Urban,Android,Auto_Debit,23,381.0,17.25,139,30.5,31.5,0,470.7,Standard
CUS-02287,27,Semi_Urban,iOS,Auto_Debit,8,480.3,19.49,80,51.0,65.1,3,705.65,Basic
CUS-01813,48,Metro,Android,Auto_Debit,50,303.1,15.28,110,25.7,80.8,0,530.93,Basic
CUS-01167,31,Semi_Urban,Feature_Phone,Cash,31,319.3,0.1,25,83.7,11.8,1,378.8,Basic
CUS-02265,49,Metro,Android,UPI,58,810.7,39.63,71,21.0,182.1,0,1116.35,Standard
CUS-00526,22,Metro,iOS,Auto_Debit,16,269.7,23.86,34,12.8,84.2,0,772.69,Standard
CUS-02249,38,Urban,Android,UPI,69,505.0,24.1,72,10.2,67.9,5,719.21,Standard
CUS-00276,62,Metro,Android,UPI,5,414.1,27.46,76,35.4,143.4,0,651.8,Standard
CUS-02191,31,Urban,iOS,Cash,24,65.5,20.85,45,37.3,125.2,0,649.39,Basic
CUS-01155,56,Urban,iOS,Card,35,508.5,13.55,14,57.8,62.1,2,603.52,Standard
CUS-01777,20,Rural,iOS,UPI,45,587.4,14.16,47,23.5,48.0,0,728.75,Standard
CUS-01411,44,Metro,Android,UPI,30,256.7,10.62,114,20.6,87.0,0,478.69,Basic
CUS-00943,54,Semi_Urban,Android,UPI,29,273.9,28.55,13,11.2,106.9,3,683.19,Standard
CUS-01360,45,Urban,iOS,Card,14,661.6,36.2,57,55.6,156.0,0,1163.54,Premium
CUS-02056,18,Semi_Urban,Android,Auto_Debit,10,684.7,56.27,85,33.2,215.0,1,1184.14,Premium
CUS-02097,55,Urban,Android,Cash,31,453.1,34.44,94,15.8,136.2,2,780.57,Standard
CUS-00663,28,Metro,Android,Auto_Debit,21,496.9,19.93,72,25.0,68.8,2,558.74,Standard
CUS-01791,60,Rural,iOS,Auto_Debit,42,498.1,42.0,20,16.8,193.7,1,1116.92,Standard
CUS-00554,19,Semi_Urban,Android,Auto_Debit,30,382.2,24.42,43,26.1,99.0,1,650.62,Standard
CUS-00680,67,Semi_Urban,Android,Card,10,362.9,22.78,31,45.9,49.2,1,606.03,Standard
CUS-01381,61,Semi_Urban,Android,Cash,26,407.3,26.67,43,56.3,109.0,0,786.91,Standard
CUS-01780,21,Urban,iOS,Cash,30,344.6,21.49,64,49.2,72.9,2,778.39,Basic
CUS-00576,58,Metro,Android,UPI,31,339.4,11.43,30,80.3,68.7,1,430.01,Basic
CUS-02100,54,Semi_Urban,iOS,Card,24,477.8,35.4,124,20.8,151.2,2,891.97,Standard
CUS-00162,27,Urban,Android,UPI,23,217.8,11.59,14,15.9,79.4,2,438.11,Standard
CUS-02173,38,Metro,Android,Card,13,639.6,6.15,45,114.9,7.1,3,654.05,Standard
CUS-01465,66,Metro,Android,Auto_Debit,44,218.3,11.37,66,44.4,53.5,0,444.63,Basic
CUS-01635,69,Rural,Feature_Phone,Auto_Debit,19,701.0,91.49,5,48.5,395.5,2,1553.74,Premium
CUS-02247,45,Urban,Android,UPI,36,437.1,35.66,59,19.6,151.4,0,733.25,Standard
CUS-01991,49,Metro,Android,Cash,4,688.5,6.1,52,21.4,3.9,2,763.52,Standard
CUS-02120,37,Rural,Android,Auto_Debit,23,464.0,11.96,21,8.3,61.4,1,616.22,Standard
CUS-00151,30,Metro,Feature_Phone,UPI,84,88.0,0.1,84,42.0,3.7,2,364.64,Basic
CUS-00926,68,Urban,Android,UPI,19,259.3,1.85,127,11.0,13.9,1,309.39,Basic
CUS-01044,46,Metro,iOS,Auto_Debit,84,391.8,25.39,51,19.7,94.2,1,778.93,Standard
CUS-02187,56,Metro,Feature_Phone,Auto_Debit,7,489.4,5.75,80,39.3,38.6,0,632.52,Basic
CUS-00931,45,Urban,Android,Cash,19,477.3,12.71,30,78.6,37.5,0,685.94,Basic
CUS-01618,67,Urban,iOS,Card,18,748.4,15.91,65,44.9,78.6,2,856.89,Standard
CUS-02195,34,Urban,Android,Card,16,441.9,37.37,153,12.8,161.5,0,774.14,Standard
CUS-00102,55,Urban,Android,UPI,32,546.4,28.78,48,14.9,112.2,0,732.0,Standard
CUS-02066,29,Urban,Feature_Phone,Card,10,577.5,0.1,32,14.0,2.1,1,415.65,Basic
CUS-00626,56,Urban,Android,Card,7,516.5,16.22,19,45.0,57.8,3,811.07,Standard
CUS-01748,63,Metro,iOS,Card,35,759.4,27.61,29,16.1,91.7,1,945.45,Standard
CUS-01018,41,Semi_Urban,Android,Card,47,423.3,36.01,45,12.0,163.3,1,752.08,Standard
CUS-01949,47,Metro,Android,UPI,17,556.2,19.89,70,16.6,111.4,2,764.69,Standard
CUS-01850,49,Metro,Android,Card,63,776.9,22.17,110,20.8,95.2,4,671.49,Standard
CUS-00380,23,Metro,iOS,Cash,54,307.6,27.28,14,13.6,96.2,2,716.0,Standard
CUS-01520,33,Semi_Urban,Android,Cash,21,469.1,9.31,53,29.4,68.2,2,538.8,Basic
CUS-00190,27,Urban,Feature_Phone,UPI,24,518.6,0.1,32,11.1,3.7,1,494.88,Basic
CUS-01944,25,Metro,iOS,Card,9,124.7,15.61,34,45.6,77.7,1,584.25,Basic
CUS-01347,29,Semi_Urban,Android,Card,21,340.7,16.76,14,3.9,40.1,0,467.46,Standard
CUS-00826,20,Rural,Android,Card,10,380.9,4.83,44,58.7,55.6,1,590.16,Basic
CUS-01790,33,Urban,Feature_Phone,Auto_Debit,32,315.3,19.49,48,5.2,67.8,0,639.57,Basic
CUS-02362,34,Urban,Feature_Phone,Cash,38,626.2,36.36,43,21.0,149.8,2,853.04,Standard
CUS-01069,46,Semi_Urban,Android,Auto_Debit,6,756.8,50.41,23,21.1,176.2,1,1118.99,Standard
CUS-00812,40,Urban,Android,Auto_Debit,36,246.8,13.49,14,4.7,49.5,1,507.7,Standard
CUS-00882,69,Metro,Feature_Phone,UPI,37,344.8,1.24,16,53.9,59.1,0,512.4,Basic
CUS-00625,40,Semi_Urban,iOS,Auto_Debit,20,406.4,42.64,31,8.6,164.7,3,992.99,Standard
CUS-00577,60,Urban,iOS,UPI,27,330.0,21.15,71,40.7,107.0,3,719.61,Standard
CUS-00737,59,Semi_Urban,Android,Card,20,566.5,42.64,16,45.4,201.8,0,943.22,Premium
CUS-02262,47,Semi_Urban,Android,Auto_Debit,42,639.4,29.54,23,17.5,135.0,0,861.78,Standard
CUS-01100,26,Rural,Android,UPI,23,233.0,10.29,9,146.8,38.2,2,516.62,Basic
CUS-00046,55,Rural,Android,UPI,12,524.9,42.78,62,4.3,198.5,1,852.4,Standard
CUS-00334,41,Metro,Android,Cash,46,442.7,4.27,137,37.9,55.3,0,586.86,Standard
CUS-00643,48,Semi_Urban,Android,UPI,31,599.2,25.68,32,32.4,102.9,1,768.26,Standard
CUS-00146,44,Urban,iOS,Cash,14,574.9,33.38,19,68.4,126.8,1,1066.34,Standard
CUS-00321,18,Urban,Android,UPI,62,219.7,17.64,51,47.0,38.7,1,616.56,Basic
CUS-01644,24,Urban,Android,UPI,57,65.9,13.43,106,14.6,53.7,2,464.76,Standard
CUS-01972,47,Metro,Android,UPI,34,533.3,61.89,10,17.8,322.5,1,1168.62,Premium
CUS-01889,49,Urban,iOS,Auto_Debit,5,213.5,21.38,13,10.5,55.6,1,593.43,Basic
CUS-00561,37,Metro,iOS,UPI,9,755.7,20.17,66,22.1,90.1,2,699.42,Standard
CUS-01552,47,Rural,iOS,Card,6,738.1,17.06,87,21.9,61.1,1,880.37,Standard
CUS-00049,23,Urban,Android,UPI,41,622.5,18.2,61,61.9,67.5,0,686.59,Standard
CUS-00617,43,Urban,iOS,Cash,62,482.0,55.87,83,0.5,241.3,1,1154.94,Premium
CUS-00910,24,Rural,iOS,Cash,28,303.8,79.31,33,30.5,303.2,2,1297.59,Premium
CUS-02254,30,Urban,Android,Auto_Debit,84,522.3,7.4,73,26.5,38.5,0,492.35,Basic
CUS-01312,70,Urban,iOS,Card,58,519.3,103.87,78,4.4,420.0,0,1659.12,Premium
CUS-01428,70,Urban,iOS,UPI,17,1022.0,36.24,44,12.3,161.3,0,1107.89,Standard
CUS-00240,61,Metro,Android,Auto_Debit,41,234.9,14.84,23,17.3,82.6,3,584.38,Standard
CUS-01814,48,Urban,iOS,Auto_Debit,47,761.0,33.27,58,26.3,143.8,2,984.71,Standard
CUS-00309,57,Metro,Android,Cash,38,577.8,18.63,40,11.8,72.2,0,762.34,Standard
CUS-02035,28,Metro,Feature_Phone,Auto_Debit,9,506.2,0.1,87,35.1,0.0,1,511.38,Basic
CUS-02083,43,Metro,iOS,Auto_Debit,43,143.2,52.76,4,64.9,186.8,0,1004.05,Premium
CUS-00432,20,Semi_Urban,iOS,UPI,41,185.6,24.87,71,73.7,109.0,0,848.11,Standard
CUS-00387,45,Metro,Feature_Phone,Cash,39,362.4,0.1,68,17.3,0.0,0,329.47,Basic
CUS-00085,65,Semi_Urban,Android,UPI,21,654.1,14.59,83,9.3,107.8,2,687.49,Standard
CUS-00681,53,Semi_Urban,Feature_Phone,UPI,12,328.4,19.54,20,1.4,94.7,0,622.0,Basic
CUS-02038,62,Semi_Urban,Feature_Phone,Cash,15,398.7,4.75,45,9.7,20.8,2,422.76,Basic
CUS-00205,42,Metro,Android,UPI,32,147.8,53.56,27,46.9,213.7,1,786.17,Premium
CUS-00297,27,Semi_Urban,Android,Card,7,743.9,31.95,25,17.5,101.0,1,888.95,Standard
CUS-00065,67,Metro,Feature_Phone,UPI,11,650.4,14.92,7,26.0,63.0,0,589.17,Basic
CUS-00306,48,Semi_Urban,Android,UPI,57,793.9,9.79,12,41.8,19.9,3,708.86,Standard
CUS-01407,22,Urban,Android,UPI,69,491.0,8.35,150,8.2,13.2,0,542.12,Basic
CUS-00289,33,Urban,Android,Auto_Debit,84,337.2,18.59,93,30.5,36.4,1,551.19,Basic
CUS-01542,44,Rural,Android,Auto_Debit,53,20.0,20.67,38,8.0,86.6,1,566.11,Standard
CUS-00707,67,Rural,Feature_Phone,Cash,44,613.6,3.36,33,47.8,18.6,4,487.53,Basic
CUS-00195,58,Metro,Android,UPI,48,452.5,36.3,16,23.8,125.6,3,829.93,Standard
CUS-00317,51,Urban,Android,Auto_Debit,84,509.2,23.13,39,26.6,73.5,1,587.86,Standard
CUS-01654,58,Urban,Android,Card,27,353.0,8.3,129,8.3,39.0,1,405.55,Standard
CUS-00844,39,Metro,Android,UPI,19,266.4,6.44,87,23.1,41.5,0,411.57,Basic
CUS-02053,34,Semi_Urban,Android,Cash,9,152.5,11.2,53,5.1,49.2,0,427.56,Basic
CUS-00087,32,Urban,Android,Auto_Debit,22,557.0,10.52,163,4.2,53.7,0,586.63,Standard
CUS-00776,34,Urban,Feature_Phone,Auto_Debit,29,245.5,0.1,45,60.3,0.0,1,522.04,Basic
CUS-01308,62,Urban,Android,UPI,8,414.3,11.01,48,15.9,49.3,0,454.21,Standard
CUS-00469,47,Metro,iOS,Auto_Debit,25,640.6,12.75,33,15.6,46.6,3,758.51,Standard
CUS-01757,68,Urban,Android,Auto_Debit,32,587.0,5.68,106,49.0,3.0,2,604.06,Basic
CUS-01580,56,Rural,Android,Auto_Debit,13,535.2,15.25,56,83.4,89.8,1,494.48,Standard
CUS-01300,27,Metro,iOS,Card,35,441.1,10.19,110,62.3,35.8,0,604.53,Standard
CUS-01117,51,Urban,iOS,Auto_Debit,11,280.5,16.88,75,27.6,80.0,2,605.68,Basic
CUS-01377,61,Urban,Feature_Phone,Card,26,234.4,0.1,120,33.4,13.5,0,321.29,Basic
CUS-01845,57,Urban,Android,Auto_Debit,26,566.9,9.14,101,27.3,18.3,1,643.34,Basic
CUS-02172,41,Semi_Urban,Android,Card,11,480.3,13.61,75,19.7,65.7,1,532.51,Standard
CUS-00038,27,Semi_Urban,Android,Card,56,354.1,48.16,63,4.1,190.1,0,761.12,Standard
CUS-01988,54,Metro,iOS,Cash,44,563.8,62.08,8,18.7,307.3,2,1256.69,Premium
CUS-00307,35,Metro,Android,UPI,39,421.2,15.91,34,40.2,62.1,1,631.75,Standard
CUS-01847,30,Semi_Urban,Feature_Phone,Cash,21,521.5,2.53,46,4.8,0.0,3,323.03,Basic
CUS-00446,38,Metro,Feature_Phone,UPI,37,440.5,6.38,56,129.3,3.4,1,630.6,Basic
CUS-01446,40,Metro,Feature_Phone,Card,63,590.1,0.1,106,37.0,13.7,0,530.99,Basic
CUS-01701,27,Rural,Feature_Phone,Card,44,513.9,20.28,85,27.8,81.0,1,679.8,Basic
CUS-01788,57,Metro,Feature_Phone,Auto_Debit,26,262.8,0.1,44,59.6,0.0,1,314.86,Basic
CUS-01177,48,Metro,Android,UPI,28,460.2,27.63,197,11.0,131.1,1,710.39,Standard
CUS-01391,70,Metro,iOS,UPI,25,446.3,14.28,41,29.6,59.4,0,716.41,Standard
CUS-00832,46,Semi_Urban,Android,Card,36,576.5,8.03,12,15.4,79.4,3,450.8,Standard
CUS-00648,45,Metro,Android,UPI,17,732.9,18.28,106,16.1,95.6,3,769.64,Standard
CUS-00985,18,Metro,Feature_Phone,Card,12,731.4,25.33,5,24.3,132.4,0,835.98,Standard
CUS-01265,36,Metro,Android,Card,46,348.9,13.51,13,53.2,50.2,1,552.55,Basic
CUS-00996,67,Rural,iOS,Auto_Debit,36,121.6,22.1,66,37.2,88.0,3,621.69,Standard
CUS-01021,35,Rural,Android,Auto_Debit,15,193.5,12.07,49,4.8,22.8,2,476.54,Basic
CUS-01543,28,Urban,Android,UPI,19,92.7,7.28,48,2.3,36.3,2,288.68,Basic
CUS-02397,53,Semi_Urban,Android,Cash,23,225.7,15.0,89,9.7,91.9,0,437.91,Standard
CUS-00948,63,Metro,Android,Card,51,488.6,23.21,10,47.3,90.2,2,784.74,Standard
CUS-02000,65,Urban,Feature_Phone,UPI,49,357.4,22.69,104,0.6,146.6,0,477.91,Basic
CUS-00406,24,Urban,Android,Cash,61,461.7,119.94,103,13.5,420.0,1,1717.65,Premium
CUS-02266,40,Urban,iOS,UPI,16,86.3,25.58,26,6.2,136.4,2,690.19,Standard
CUS-01841,36,Urban,Android,Auto_Debit,11,285.9,23.32,55,47.9,127.3,0,694.96,Standard
CUS-02157,28,Urban,iOS,Cash,43,771.9,46.04,115,26.4,203.6,1,1207.8,Premium
CUS-00293,29,Urban,Android,UPI,59,310.5,53.35,30,22.5,217.3,3,915.71,Premium
CUS-00974,45,Semi_Urban,Android,UPI,16,276.3,16.98,31,1.0,68.8,2,480.24,Basic
CUS-01483,44,Metro,iOS,UPI,19,486.2,18.96,41,26.6,115.3,1,635.38,Standard
CUS-00749,44,Urban,Feature_Phone,Card,19,113.1,0.1,24,3.1,0.0,1,364.89,Basic
CUS-01764,21,Metro,Feature_Phone,Auto_Debit,66,813.3,11.41,76,23.4,52.1,0,801.2,Standard
CUS-01577,61,Rural,Android,Auto_Debit,33,513.2,19.69,153,18.8,84.7,2,668.02,Standard
CUS-01048,48,Semi_Urban,Feature_Phone,Cash,12,512.4,0.1,54,66.6,0.0,1,403.31,Basic
CUS-01477,28,Semi_Urban,Android,Card,32,426.7,31.25,29,16.7,111.8,1,754.94,Standard
CUS-00768,34,Metro,Android,Cash,8,421.4,9.7,76,10.6,2.9,2,436.67,Basic
CUS-00210,30,Urban,Android,UPI,24,412.9,15.83,17,8.7,53.9,0,527.0,Basic
CUS-01202,40,Metro,Feature_Phone,Auto_Debit,60,441.2,0.1,47,16.5,32.0,1,470.17,Basic
CUS-02004,68,Semi_Urban,iOS,Auto_Debit,42,486.9,22.96,31,60.6,106.7,0,808.2,Standard
CUS-01632,30,Semi_Urban,Android,Auto_Debit,40,433.6,26.91,58,10.5,118.9,2,824.59,Standard
CUS-01747,54,Semi_Urban,iOS,Auto_Debit,32,670.8,33.89,31,12.0,137.2,1,1085.73,Premium
CUS-00062,24,Metro,Android,Auto_Debit,7,223.8,17.43,73,12.4,57.7,1,401.01,Standard
CUS-00896,54,Semi_Urban,iOS,Cash,11,724.3,56.59,39,44.5,279.4,0,1185.93,Premium
CUS-01911,37,Metro,Android,UPI,5,187.2,13.77,49,16.4,67.0,0,533.29,Basic
CUS-00714,22,Metro,Android,Card,20,617.4,11.01,70,16.8,29.4,0,559.9,Basic
CUS-01839,42,Metro,Android,Auto_Debit,40,583.4,22.05,21,44.9,60.8,0,888.25,Standard
CUS-01540,48,Metro,Android,UPI,58,504.8,10.11,8,99.1,32.7,1,723.56,Basic
CUS-01605,69,Semi_Urban,Android,UPI,18,127.6,5.97,52,5.0,37.6,1,251.33,Basic
CUS-02213,52,Rural,Android,Auto_Debit,42,706.6,10.14,89,21.8,33.3,1,517.66,Standard
CUS-01560,52,Metro,Feature_Phone,Card,4,212.4,0.1,94,25.5,0.0,0,260.07,Basic
CUS-00189,55,Metro,Android,Card,17,506.3,11.94,81,35.3,0.0,1,554.01,Standard
CUS-01396,57,Semi_Urban,iOS,Card,35,273.9,42.81,54,7.3,163.1,2,828.63,Standard
CUS-00457,18,Semi_Urban,iOS,UPI,24,489.9,17.01,110,10.1,25.6,0,598.57,Standard
CUS-01278,50,Semi_Urban,Feature_Phone,Card,25,240.6,10.64,42,2.3,29.0,1,366.22,Basic
CUS-02164,19,Semi_Urban,Android,UPI,51,479.0,25.87,155,10.1,104.4,2,600.33,Standard
CUS-00781,32,Urban,Android,UPI,64,444.7,30.78,72,34.9,106.5,0,815.79,Standard
CUS-00275,29,Semi_Urban,Android,Auto_Debit,42,583.4,3.9,68,16.3,2.1,0,524.37,Basic
CUS-02096,20,Rural,Android,Cash,17,466.5,7.78,47,1.8,31.1,0,577.29,Basic
CUS-01917,21,Semi_Urban,Android,Auto_Debit,36,562.6,27.71,51,26.5,102.8,1,888.05,Standard
CUS-00914,29,Semi_Urban,iOS,Auto_Debit,14,586.5,21.6,17,23.7,70.5,1,751.69,Standard
CUS-01191,58,Urban,Android,Auto_Debit,30,357.9,9.5,49,19.8,48.1,2,460.1,Basic
CUS-02092,50,Semi_Urban,Android,Card,37,634.5,7.43,5,18.4,82.0,0,566.15,Basic
CUS-00283,42,Semi_Urban,Android,UPI,35,461.6,24.33,30,3.7,82.7,4,722.28,Standard
CUS-00088,51,Metro,Android,UPI,71,592.5,15.53,42,21.2,67.8,0,562.38,Standard
CUS-00082,51,Urban,iOS,Auto_Debit,23,573.4,17.36,74,9.0,90.0,3,773.62,Standard
CUS-00168,52,Urban,Android,Card,26,644.9,52.46,113,5.5,230.5,1,977.73,Premium
CUS-00064,32,Metro,iOS,Cash,28,167.0,37.29,134,17.7,170.4,3,691.74,Standard
CUS-00557,53,Urban,Android,Card,15,375.9,47.87,43,4.7,164.4,1,885.25,Premium
CUS-00715,53,Metro,Android,UPI,73,654.6,33.69,43,29.9,122.0,2,664.47,Standard
CUS-01259,48,Semi_Urban,Android,Cash,53,705.3,30.73,32,13.4,114.8,0,860.25,Standard
CUS-00324,67,Semi_Urban,iOS,UPI,19,404.1,35.6,12,12.8,126.6,2,942.36,Standard
CUS-01510,46,Urban,iOS,Cash,36,817.1,44.36,56,14.9,177.5,1,1210.73,Premium
CUS-00126,34,Semi_Urban,iOS,UPI,19,505.6,21.84,61,58.3,78.1,0,828.75,Standard
CUS-02385,19,Semi_Urban,Android,Cash,27,722.6,13.62,87,37.1,42.0,2,590.46,Standard
CUS-00427,59,Semi_Urban,iOS,Card,16,573.0,33.93,50,81.6,159.8,1,943.49,Premium
CUS-02023,26,Urban,Android,UPI,12,297.5,44.09,33,18.0,216.3,0,786.14,Standard
CUS-01264,29,Semi_Urban,Android,UPI,15,574.5,9.05,10,25.2,12.9,0,581.82,Standard
CUS-01178,29,Urban,iOS,Auto_Debit,22,761.5,19.78,23,44.4,86.4,1,725.67,Standard
CUS-00603,20,Urban,Android,UPI,66,521.8,3.98,69,12.9,39.8,3,527.39,Basic
CUS-00047,65,Rural,iOS,Cash,21,771.3,36.02,92,65.4,151.7,1,1069.48,Standard
CUS-01436,70,Metro,Android,Auto_Debit,55,760.1,38.76,18,25.3,145.1,0,830.87,Standard
CUS-01247,29,Metro,Android,Card,20,547.3,23.03,89,73.0,58.2,0,750.09,Standard
CUS-00398,52,Metro,Android,UPI,21,218.3,32.24,46,80.3,144.5,1,688.53,Standard
CUS-01350,45,Semi_Urban,Android,Auto_Debit,25,413.2,14.39,32,11.5,62.8,0,621.9,Standard
CUS-01457,29,Semi_Urban,Android,Card,19,301.6,56.43,42,14.7,184.5,1,1042.72,Premium
CUS-01888,68,Metro,Android,UPI,21,691.4,11.71,70,18.2,79.9,2,687.32,Standard
CUS-01052,68,Urban,Android,Cash,1,748.6,30.36,45,92.5,173.7,0,1043.44,Standard
CUS-00885,22,Semi_Urban,Android,Cash,8,590.6,38.51,26,21.2,152.1,2,920.98,Standard
CUS-01666,20,Rural,iOS,Card,32,467.8,38.22,45,68.4,149.2,1,979.08,Standard
CUS-02143,46,Metro,Android,UPI,41,745.7,12.83,85,33.6,48.9,1,647.66,Standard
CUS-01092,20,Metro,Android,Cash,27,20.0,23.15,81,14.4,122.2,1,521.34,Standard
CUS-01795,62,Semi_Urban,Android,UPI,59,623.3,23.61,67,52.4,116.9,2,875.52,Standard
CUS-02107,18,Urban,iOS,UPI,76,434.9,18.45,7,4.5,92.8,0,763.72,Basic
CUS-00690,53,Metro,Android,Auto_Debit,41,378.2,83.89,45,45.4,388.3,1,1374.61,Premium
CUS-00976,67,Urban,Feature_Phone,Card,9,367.9,1.06,44,25.0,26.8,1,310.83,Basic
CUS-01345,46,Semi_Urban,Feature_Phone,Auto_Debit,24,540.6,28.99,72,13.2,132.4,2,727.04,Standard
CUS-01589,26,Metro,Android,UPI,15,651.3,27.01,159,15.7,130.2,0,869.74,Standard
CUS-00271,61,Urban,Android,Auto_Debit,12,546.2,21.88,52,33.5,71.3,0,754.08,Standard
CUS-00616,40,Rural,Android,Card,10,398.6,48.83,35,17.5,182.6,1,1033.22,Premium
CUS-01688,43,Rural,iOS,Card,20,492.9,42.9,61,2.1,204.3,1,1057.53,Premium
CUS-00632,35,Metro,Android,UPI,53,418.0,11.11,16,45.6,60.6,1,569.72,Basic
CUS-01326,27,Semi_Urban,iOS,Card,16,261.1,23.6,41,42.0,122.9,1,770.73,Standard
CUS-00934,21,Rural,Android,UPI,11,281.0,11.13,86,0.9,52.9,2,503.96,Basic
CUS-02240,43,Metro,Android,UPI,13,391.7,8.32,11,33.1,41.5,0,592.22,Basic
CUS-01473,61,Urban,Android,UPI,22,232.6,34.4,33,22.3,147.9,2,831.53,Standard
CUS-00950,28,Urban,Android,UPI,32,590.0,10.96,49,2.4,61.7,0,533.53,Standard
CUS-01486,56,Metro,Android,Auto_Debit,22,624.1,16.11,26,29.4,109.5,2,626.32,Standard
CUS-00122,55,Semi_Urban,Android,UPI,30,276.9,23.94,55,28.6,58.7,3,553.19,Standard
CUS-01627,60,Metro,Android,UPI,48,197.5,43.95,53,15.3,172.6,0,924.48,Premium
CUS-00981,48,Urban,Android,UPI,22,772.3,50.76,16,0.1,191.6,0,959.38,Premium
CUS-01369,52,Urban,Android,UPI,68,480.3,16.12,19,11.0,65.2,1,614.82,Standard
CUS-01923,29,Urban,iOS,UPI,45,961.0,34.56,48,32.2,151.5,0,975.4,Standard
CUS-01051,53,Semi_Urban,Android,Card,35,249.2,17.57,23,16.6,72.0,1,627.37,Standard
CUS-00791,29,Rural,iOS,UPI,29,266.8,55.75,55,5.8,229.0,0,1009.87,Premium
CUS-01904,62,Rural,Android,Card,14,559.7,10.76,2,7.0,22.7,1,549.12,Standard
CUS-01239,53,Semi_Urban,Android,Auto_Debit,37,434.8,11.93,33,25.7,56.6,1,607.91,Basic
CUS-01768,49,Metro,Feature_Phone,Auto_Debit,46,762.0,13.26,93,71.8,57.9,0,829.19,Standard
CUS-02196,23,Urban,iOS,UPI,7,237.3,14.92,60,25.3,93.7,2,592.8,Basic
CUS-00145,20,Metro,Android,UPI,26,413.1,9.79,62,30.6,43.6,1,507.12,Basic
CUS-00216,46,Urban,iOS,Auto_Debit,8,248.8,26.79,54,11.6,98.3,1,629.28,Standard
CUS-00138,30,Urban,Android,UPI,28,273.0,9.67,89,42.6,83.3,3,534.77,Basic
CUS-00724,19,Semi_Urban,Android,Auto_Debit,20,692.2,12.2,75,47.3,81.1,1,581.95,Standard
CUS-01984,52,Semi_Urban,iOS,Card,44,547.0,29.56,60,19.1,140.9,1,741.64,Standard
CUS-00054,19,Semi_Urban,Android,Card,19,252.9,10.24,15,39.0,25.7,4,445.78,Basic
CUS-00381,20,Urban,iOS,Cash,24,223.9,25.58,16,43.5,125.9,2,666.81,Standard
CUS-01284,67,Metro,iOS,UPI,38,469.2,21.32,16,39.0,81.3,1,670.73,Standard
CUS-01346,35,Urban,Android,UPI,7,399.0,9.43,19,2.2,11.6,0,471.43,Standard
CUS-00120,38,Metro,Android,Auto_Debit,9,309.3,9.04,52,58.8,54.5,0,380.98,Basic
CUS-01049,36,Semi_Urban,Android,Card,31,287.6,28.41,11,25.8,138.8,4,611.42,Standard
CUS-01678,37,Metro,Android,UPI,59,20.0,36.11,29,41.4,153.5,1,682.75,Standard
CUS-01359,32,Rural,iOS,UPI,35,502.9,17.93,29,6.9,61.1,4,619.61,Standard
CUS-02051,21,Metro,Android,UPI,32,194.2,16.35,30,76.0,62.3,1,490.56,Standard
CUS-01291,21,Rural,Android,Auto_Debit,18,894.2,24.69,79,15.8,85.4,2,765.92,Standard
CUS-01517,53,Rural,Android,Card,71,496.3,9.73,41,112.3,35.2,1,664.84,Standard
CUS-00299,21,Urban,Android,Auto_Debit,33,522.6,28.04,18,13.3,148.7,0,695.63,Standard
CUS-00154,21,Semi_Urban,iOS,Auto_Debit,23,386.8,47.1,33,38.3,156.3,0,929.32,Standard
CUS-01224,50,Metro,Feature_Phone,Cash,12,526.5,35.86,22,11.5,199.4,1,792.17,Standard
CUS-01726,27,Semi_Urban,Android,Auto_Debit,13,327.8,19.09,26,46.0,89.4,1,610.62,Standard
CUS-01261,48,Semi_Urban,Android,Cash,25,254.9,26.95,176,41.5,91.6,1,709.04,Standard
CUS-00209,21,Rural,iOS,Auto_Debit,7,209.5,25.05,33,17.0,131.8,2,630.96,Standard
CUS-00689,64,Rural,iOS,Cash,76,391.3,31.89,141,49.1,148.6,1,873.6,Standard
CUS-00600,27,Urban,Android,Card,7,221.7,40.01,9,167.7,198.4,1,842.06,Premium
CUS-00691,57,Urban,Android,Auto_Debit,39,284.1,16.89,91,2.7,86.2,2,542.87,Standard
CUS-02178,19,Rural,Android,Cash,5,522.2,12.23,27,8.7,51.7,1,519.65,Basic
CUS-01271,45,Urban,Android,Card,19,285.5,11.63,143,8.8,26.5,0,369.07,Basic
CUS-00755,19,Semi_Urban,iOS,UPI,40,263.8,27.64,77,53.2,106.4,2,841.09,Standard
CUS-01969,30,Semi_Urban,iOS,Card,27,591.7,11.33,43,4.9,62.8,0,750.21,Standard
CUS-01674,25,Rural,Android,UPI,45,244.2,8.82,12,13.3,11.2,0,351.3,Basic
CUS-00642,19,Semi_Urban,Android,Auto_Debit,27,583.4,17.3,80,58.5,42.1,0,762.28,Standard
CUS-00230,57,Semi_Urban,Android,Cash,13,572.5,19.51,31,19.5,61.8,1,584.23,Standard
CUS-00579,70,Rural,Android,Card,3,602.5,16.49,28,89.3,98.6,1,575.31,Standard
CUS-01014,32,Semi_Urban,Android,Card,23,830.8,49.32,7,20.4,242.8,2,1200.16,Premium
CUS-01881,23,Metro,Android,Auto_Debit,50,319.6,5.47,76,23.6,24.8,1,384.24,Basic
CUS-01109,67,Urban,Android,Card,4,673.3,15.88,218,23.1,96.2,2,687.4,Standard
CUS-02202,60,Metro,Android,UPI,57,541.7,21.18,58,33.8,86.0,0,548.21,Standard
CUS-00220,61,Semi_Urban,Feature_Phone,UPI,20,574.5,0.1,63,22.2,43.8,1,477.14,Basic
CUS-00073,30,Urban,Android,UPI,84,347.8,8.98,9,2.9,7.0,1,447.36,Basic
CUS-00010,18,Urban,Android,Cash,20,556.8,22.91,35,15.0,45.6,0,754.6,Standard
CUS-01806,20,Semi_Urban,iOS,Auto_Debit,8,805.1,41.41,91,10.5,204.3,1,1141.28,Premium
CUS-00179,53,Metro,iOS,Auto_Debit,59,532.1,14.31,12,28.9,74.8,0,681.05,Basic
CUS-01438,39,Semi_Urban,iOS,Card,18,515.2,61.78,23,1.4,245.4,1,1322.46,Premium
CUS-00236,44,Urban,iOS,Auto_Debit,13,615.8,15.95,39,30.9,57.6,1,762.47,Standard
CUS-01897,55,Semi_Urban,Feature_Phone,UPI,84,146.8,0.1,46,7.7,3.6,1,301.47,Basic
CUS-00532,48,Rural,iOS,Auto_Debit,29,409.5,41.95,38,46.0,203.4,1,1004.97,Standard
CUS-01384,69,Urban,Android,Card,44,326.0,12.58,45,4.3,36.3,0,475.71,Basic
CUS-00484,24,Metro,Android,Auto_Debit,29,303.2,9.62,63,40.3,26.3,0,415.99,Basic
CUS-02336,40,Metro,Feature_Phone,Auto_Debit,12,252.1,0.1,40,39.0,0.0,0,359.67,Basic
CUS-01445,63,Urban,Android,Card,13,257.3,31.85,87,64.5,105.3,2,695.54,Standard
CUS-00361,63,Urban,iOS,Card,24,254.8,35.35,43,19.7,141.9,1,851.87,Standard
CUS-01538,40,Semi_Urban,Android,Card,31,319.8,8.93,20,37.7,33.9,1,400.7,Basic
CUS-02253,43,Semi_Urban,iOS,Card,16,431.2,16.19,63,39.3,34.2,0,715.58,Basic
CUS-01741,51,Metro,Feature_Phone,Card,25,479.2,3.02,55,68.8,11.3,1,542.16,Basic
CUS-02224,20,Metro,Feature_Phone,Auto_Debit,34,280.6,0.2,23,15.5,11.5,0,311.02,Basic
CUS-01737,25,Urban,iOS,Card,39,532.6,13.62,8,1.3,31.7,3,638.35,Standard
CUS-00655,52,Metro,Android,Auto_Debit,74,740.3,12.01,45,27.8,56.9,2,701.73,Standard
CUS-01017,56,Urban,iOS,Auto_Debit,23,617.0,22.95,57,56.2,95.7,1,957.12,Standard
CUS-00574,53,Rural,Android,Cash,34,802.7,16.5,19,69.9,54.2,1,681.7,Standard
CUS-00759,65,Urban,Android,Cash,57,521.2,12.27,38,38.7,75.4,1,599.45,Standard
CUS-00683,65,Semi_Urban,Feature_Phone,Cash,12,600.0,0.1,26,8.7,15.1,1,531.51,Basic
CUS-01389,56,Metro,Android,Cash,9,475.2,34.37,39,17.5,164.9,3,900.97,Standard
CUS-02025,18,Metro,Android,UPI,18,220.4,47.78,32,38.5,232.9,0,829.31,Premium
CUS-01330,42,Urban,Android,Auto_Debit,10,125.0,15.34,50,3.3,74.3,0,412.17,Standard
CUS-01174,44,Semi_Urban,iOS,UPI,73,719.2,20.94,206,23.1,95.4,1,897.12,Standard
CUS-01533,23,Urban,Android,Card,72,20.0,27.76,54,25.1,66.5,0,577.11,Standard
CUS-01282,20,Urban,iOS,UPI,18,531.6,32.25,34,7.4,160.5,0,907.27,Standard
CUS-00590,49,Metro,Android,Card,7,550.6,7.91,147,14.5,46.0,2,480.96,Standard
CUS-02140,40,Urban,Feature_Phone,Cash,56,474.0,12.06,68,12.4,23.9,1,504.66,Basic
CUS-01767,40,Semi_Urban,Android,Auto_Debit,44,516.0,57.35,89,13.2,253.7,1,1116.76,Standard
CUS-00137,46,Urban,Feature_Phone,Card,29,740.6,3.35,163,1.4,0.0,1,502.84,Basic
CUS-00932,18,Metro,iOS,Card,4,229.2,39.33,115,20.6,145.9,0,876.24,Standard
CUS-00640,42,Metro,Android,Auto_Debit,25,401.4,17.78,76,51.4,73.9,1,600.34,Standard
CUS-00823,63,Urban,Android,UPI,24,234.0,6.34,37,2.3,18.3,1,363.2,Basic
CUS-00994,26,Urban,Android,Cash,3,707.3,17.82,8,16.1,119.9,1,798.42,Standard
CUS-00784,48,Metro,iOS,UPI,36,591.7,43.24,31,83.1,155.1,1,1007.83,Premium
CUS-01147,64,Semi_Urban,Android,UPI,43,733.4,25.5,38,3.9,105.9,0,776.13,Standard
CUS-00508,63,Metro,Android,Auto_Debit,2,779.0,144.85,75,27.2,420.0,0,1991.47,Premium
CUS-00140,70,Urban,iOS,UPI,26,774.4,25.61,78,25.5,57.6,0,863.6,Standard
CUS-01299,34,Urban,Feature_Phone,Auto_Debit,37,306.1,1.65,41,2.0,0.0,1,373.31,Basic
CUS-00177,43,Metro,iOS,UPI,84,227.1,24.31,56,14.5,96.5,2,693.71,Standard
CUS-01154,68,Metro,Android,Cash,39,650.7,10.41,31,36.7,33.8,2,687.71,Standard
CUS-01493,49,Rural,iOS,UPI,10,610.4,101.02,55,24.9,420.0,0,1589.48,Premium
CUS-02267,43,Urban,Android,Card,73,221.0,7.62,56,8.3,17.0,1,434.09,Basic
CUS-02153,70,Urban,Android,UPI,8,404.9,9.58,6,25.5,6.8,0,519.05,Basic
CUS-00843,70,Urban,Android,Card,7,735.2,15.58,26,10.5,79.6,1,804.22,Standard
CUS-00624,27,Metro,Android,Card,47,610.2,18.25,48,48.3,79.6,0,867.96,Standard
CUS-00939,58,Urban,iOS,UPI,9,461.7,24.75,36,21.4,86.2,0,744.55,Standard
CUS-00481,60,Semi_Urban,Feature_Phone,Auto_Debit,17,443.8,32.44,19,3.3,126.9,1,692.33,Standard
CUS-00907,52,Urban,Android,Cash,9,829.1,29.28,92,23.2,133.5,0,912.32,Standard
CUS-01578,21,Metro,Android,Cash,22,508.6,9.99,8,82.9,10.3,2,554.59,Basic
CUS-00558,26,Rural,Android,Auto_Debit,41,436.7,30.54,25,100.9,144.9,0,773.71,Standard
CUS-02055,32,Urban,iOS,UPI,26,680.0,57.2,95,61.3,240.5,0,1225.12,Premium
CUS-01203,49,Metro,Android,Auto_Debit,84,379.6,13.66,40,24.4,46.7,0,550.48,Standard
CUS-00175,59,Rural,Android,Cash,43,486.6,26.67,61,11.9,115.8,0,797.56,Standard
CUS-01053,64,Rural,iOS,Auto_Debit,19,683.1,25.29,40,2.8,94.7,2,758.01,Standard
CUS-00807,31,Semi_Urban,iOS,UPI,23,153.8,17.2,11,24.8,85.2,2,638.93,Standard
CUS-01931,64,Urban,Android,Auto_Debit,6,548.6,10.67,32,3.0,110.9,0,573.65,Standard
CUS-01855,52,Semi_Urban,Android,Card,22,895.7,3.39,51,2.3,4.4,1,698.88,Standard
CUS-00645,59,Semi_Urban,Android,Auto_Debit,34,557.6,14.28,4,20.3,72.0,1,720.73,Standard
CUS-00349,37,Rural,Android,Auto_Debit,34,197.0,7.56,59,65.4,0.0,0,306.76,Basic
CUS-01599,64,Metro,Android,Card,68,466.1,5.53,21,28.6,42.4,2,684.89,Basic
CUS-02179,63,Rural,Android,Auto_Debit,51,745.3,4.44,55,32.7,20.2,0,580.22,Basic
CUS-01444,59,Semi_Urban,Android,Cash,13,350.1,13.13,24,38.3,45.0,3,501.74,Standard
CUS-02080,31,Metro,Android,Auto_Debit,43,281.5,17.29,4,29.6,87.7,0,523.31,Standard
CUS-00650,47,Metro,Android,Auto_Debit,23,300.9,17.6,73,25.1,29.1,1,496.29,Standard
CUS-00534,19,Urban,Android,UPI,16,566.0,11.87,9,1.9,60.6,0,642.6,Standard
CUS-01593,31,Urban,Android,Auto_Debit,65,454.4,14.4,14,30.2,64.3,0,615.12,Standard
CUS-00646,20,Urban,Android,UPI,8,704.7,40.84,49,0.1,162.4,1,923.62,Standard
CUS-01485,57,Metro,Android,UPI,11,835.0,49.06,128,54.1,170.0,0,1162.63,Premium
CUS-02261,40,Urban,Android,UPI,83,381.4,14.49,89,8.8,61.4,1,384.77,Basic
CUS-00171,52,Metro,Android,UPI,41,676.5,33.12,12,25.4,155.8,0,866.61,Standard
CUS-02242,36,Urban,Android,Cash,27,360.0,15.23,42,7.9,111.4,2,670.58,Basic
CUS-00622,46,Rural,iOS,Auto_Debit,30,559.3,35.5,53,20.7,123.5,2,999.15,Standard
CUS-00041,69,Semi_Urban,Android,Card,19,374.1,10.36,22,75.4,54.1,1,561.88,Basic
CUS-00876,64,Metro,iOS,Auto_Debit,23,570.3,22.25,38,34.5,99.9,0,798.95,Standard
CUS-00582,66,Urban,iOS,Cash,13,722.2,69.7,35,6.7,299.9,0,1307.68,Premium
CUS-00412,56,Urban,iOS,UPI,18,742.4,15.42,87,21.8,83.7,0,751.86,Standard
CUS-00986,42,Urban,Android,Card,22,215.8,20.51,38,4.1,64.3,0,582.12,Basic
CUS-00675,37,Metro,Feature_Phone,UPI,83,616.3,25.93,19,48.8,104.3,0,782.33,Standard
CUS-01604,46,Semi_Urban,Android,Cash,18,519.5,43.28,129,41.1,145.4,0,1016.15,Premium
CUS-00596,58,Metro,Feature_Phone,UPI,25,359.2,8.49,38,68.0,30.0,1,534.6,Basic
CUS-00828,47,Urban,iOS,Cash,12,605.8,17.15,49,36.5,38.4,1,715.86,Standard
CUS-00176,52,Urban,Android,Auto_Debit,29,637.8,8.2,29,2.4,51.3,1,527.63,Standard
CUS-00113,27,Semi_Urban,Android,Card,62,517.6,13.22,88,74.6,78.8,2,692.44,Basic
CUS-00292,18,Semi_Urban,Feature_Phone,Auto_Debit,68,752.4,0.1,135,26.1,0.0,2,496.6,Basic
CUS-00060,69,Urban,iOS,Card,36,234.3,26.99,72,65.7,157.6,0,646.89,Standard
CUS-00274,23,Metro,Android,UPI,43,195.5,17.97,70,17.5,102.8,1,513.72,Basic
CUS-00417,53,Semi_Urban,Android,UPI,37,349.5,17.13,23,35.2,60.1,0,503.67,Basic
CUS-02314,43,Semi_Urban,Android,Card,22,490.2,9.27,77,38.1,24.8,1,615.69,Standard
CUS-00450,36,Metro,Android,Card,10,715.7,9.21,110,34.7,61.5,0,627.83,Basic
CUS-01778,26,Metro,Android,Card,17,930.1,21.67,48,23.6,50.2,1,847.43,Standard
CUS-00804,18,Rural,Android,Auto_Debit,31,575.4,52.83,56,3.7,235.3,0,958.65,Premium
CUS-02395,49,Semi_Urban,iOS,UPI,48,591.7,57.67,49,43.7,244.0,2,1310.79,Premium
CUS-01015,35,Urban,iOS,Auto_Debit,12,521.3,18.76,21,10.0,80.2,0,690.71,Standard
CUS-00228,27,Metro,iOS,UPI,18,486.0,15.59,69,20.1,79.3,2,722.86,Standard
CUS-00717,55,Urban,iOS,Card,30,645.3,13.6,20,13.4,42.8,1,845.93,Standard
CUS-00565,59,Rural,Android,Card,8,900.6,23.69,17,14.2,56.6,2,1018.91,Standard
CUS-02121,46,Urban,Android,Cash,30,441.8,6.05,45,19.4,0.0,0,483.61,Basic
CUS-00142,26,Metro,Android,UPI,23,368.2,65.05,55,72.1,300.0,1,1184.76,Premium
CUS-00546,67,Metro,iOS,UPI,15,489.5,25.84,30,14.0,96.1,0,670.26,Standard
CUS-02313,57,Urban,Android,UPI,16,371.5,4.69,85,75.1,3.7,3,525.73,Standard
CUS-00048,40,Semi_Urban,Android,Auto_Debit,23,565.6,14.87,161,50.9,51.1,1,630.19,Standard
CUS-00069,18,Semi_Urban,Android,Card,48,494.3,17.37,14,8.6,84.7,2,570.04,Standard
CUS-01868,37,Metro,Android,Card,35,477.3,5.41,7,32.1,22.4,2,596.03,Basic
CUS-00719,40,Urban,iOS,Card,73,340.5,36.51,27,31.0,145.5,3,910.0,Standard
CUS-00227,21,Rural,Android,UPI,20,281.3,10.46,62,2.2,56.0,1,327.29,Basic
CUS-01098,37,Urban,Android,Auto_Debit,27,95.6,33.24,83,36.3,163.2,2,592.75,Standard
CUS-00786,60,Urban,Feature_Phone,Card,19,661.9,0.9,54,18.8,0.0,2,518.31,Basic
CUS-00864,28,Semi_Urban,Android,Auto_Debit,26,85.6,8.91,149,41.5,21.1,3,358.41,Basic
CUS-00795,24,Rural,Android,Auto_Debit,10,426.8,18.51,95,19.7,72.0,2,625.58,Standard
CUS-01157,22,Urban,Android,Cash,7,635.3,38.39,54,28.3,164.1,0,924.87,Standard
CUS-01977,55,Rural,Android,Cash,50,688.1,4.17,10,1.9,6.4,1,518.08,Basic
CUS-01896,37,Urban,Android,Card,44,435.2,12.58,40,15.7,44.8,3,651.11,Basic
CUS-01799,38,Metro,Android,Cash,3,387.4,14.83,80,25.5,51.8,1,651.74,Standard
CUS-00609,33,Urban,Android,Card,42,291.7,36.48,35,23.4,118.3,1,867.73,Standard
CUS-01425,42,Urban,Android,Card,9,331.0,14.07,19,9.3,80.4,1,659.36,Standard
CUS-00969,58,Urban,Android,Auto_Debit,60,409.9,4.46,9,47.5,35.5,2,479.94,Basic
CUS-00193,50,Urban,Android,Card,29,346.0,20.28,25,34.5,79.6,0,553.96,Standard
CUS-01250,58,Rural,Android,Card,17,465.4,22.36,59,5.9,118.9,1,551.37,Standard
CUS-01427,36,Rural,iOS,Auto_Debit,24,469.2,44.51,6,13.2,192.2,5,1057.0,Standard
CUS-00661,37,Semi_Urban,Android,UPI,9,437.1,49.45,66,83.7,194.5,1,1085.28,Premium
CUS-01913,52,Semi_Urban,Feature_Phone,Card,7,759.1,8.17,10,14.7,30.1,0,697.98,Basic
CUS-00463,66,Metro,Feature_Phone,UPI,60,266.1,4.63,52,12.1,0.0,2,423.6,Basic
CUS-02034,32,Urban,Android,Auto_Debit,68,413.5,8.56,125,18.7,56.7,1,482.63,Standard
CUS-00395,60,Semi_Urban,Android,Auto_Debit,5,577.5,40.56,62,17.6,167.0,2,877.98,Standard
CUS-01045,65,Semi_Urban,Android,Auto_Debit,31,314.8,11.72,40,5.6,21.1,1,538.41,Basic
CUS-02274,65,Urban,Android,UPI,15,513.3,22.58,73,18.5,66.4,0,666.6,Standard
CUS-00153,42,Urban,iOS,Auto_Debit,6,268.4,13.51,113,21.2,61.6,0,525.75,Basic
CUS-00441,31,Urban,iOS,Auto_Debit,24,372.0,38.04,35,53.5,183.1,0,904.2,Standard
CUS-01120,22,Semi_Urban,Android,UPI,5,176.2,14.65,91,24.5,114.7,2,418.08,Basic
CUS-01012,39,Semi_Urban,Android,Cash,14,161.5,11.99,44,30.7,50.1,1,413.72,Basic
CUS-01112,50,Semi_Urban,Android,Auto_Debit,16,618.2,28.77,150,23.2,83.5,1,859.32,Standard
CUS-01143,64,Semi_Urban,Android,Auto_Debit,16,421.9,26.02,3,4.8,135.2,2,690.95,Standard
CUS-00207,48,Metro,iOS,Auto_Debit,22,619.1,20.32,18,59.0,93.5,1,802.69,Standard
CUS-01796,65,Metro,Android,Auto_Debit,12,757.0,10.69,49,38.5,38.0,1,745.59,Standard
CUS-01489,43,Metro,iOS,Cash,24,731.0,35.52,104,75.0,156.4,1,1003.46,Standard
CUS-02163,37,Urban,Feature_Phone,Auto_Debit,9,519.3,0.1,41,6.8,8.6,0,372.62,Basic
CUS-00644,55,Semi_Urban,iOS,Card,13,425.2,19.55,95,6.7,46.5,1,679.73,Standard
CUS-01822,19,Urban,Android,Auto_Debit,84,291.3,18.54,140,65.0,41.7,0,543.37,Standard
CUS-01516,29,Urban,Android,UPI,6,462.0,14.85,40,38.8,76.3,0,585.05,Standard
CUS-00555,31,Semi_Urban,Android,Cash,19,807.5,9.43,25,3.7,18.2,1,609.7,Basic
CUS-01592,42,Urban,Android,Card,7,244.7,14.74,38,10.4,62.5,2,458.71,Standard
CUS-00687,24,Rural,Android,Cash,6,589.7,7.82,38,13.3,40.8,0,600.3,Standard
CUS-02093,65,Metro,Android,Auto_Debit,30,353.5,47.21,71,37.6,220.5,0,921.18,Premium
CUS-00063,33,Metro,iOS,UPI,36,281.7,32.12,82,19.1,127.3,1,628.8,Standard
CUS-02189,21,Urban,iOS,Card,5,463.0,29.82,44,27.7,153.8,0,841.57,Standard
CUS-00218,31,Metro,iOS,UPI,33,206.4,20.11,65,31.1,111.9,0,698.14,Standard
CUS-02237,65,Metro,Android,Cash,67,721.7,11.91,11,26.3,58.6,0,724.93,Standard
CUS-01223,44,Urban,Android,Auto_Debit,26,311.9,29.61,75,20.4,108.6,1,771.37,Standard
CUS-01316,62,Metro,iOS,UPI,15,662.3,45.06,107,67.4,202.5,4,1084.59,Premium
CUS-02251,65,Semi_Urban,Feature_Phone,Auto_Debit,40,316.2,0.1,160,36.8,13.2,0,400.92,Basic
CUS-00488,65,Metro,Android,UPI,26,333.6,34.37,25,28.9,189.6,2,755.32,Standard
CUS-02233,53,Metro,Android,UPI,16,483.0,34.53,35,13.4,153.3,1,779.0,Standard
CUS-00915,20,Semi_Urban,Android,UPI,50,287.4,8.16,61,39.9,35.1,1,415.35,Basic
CUS-00968,49,Urban,Android,Card,11,802.8,57.91,63,28.7,243.9,4,1183.64,Premium
CUS-01136,47,Metro,Android,Card,32,312.6,10.96,15,43.8,29.2,2,531.43,Basic
CUS-00944,38,Metro,iOS,UPI,63,558.4,22.24,74,36.5,92.1,2,729.71,Standard
CUS-02008,32,Metro,Android,UPI,34,521.1,31.33,47,45.5,143.3,0,811.64,Standard
CUS-00578,53,Metro,Android,Cash,78,506.3,44.97,90,20.1,212.5,0,963.98,Standard
CUS-02216,64,Metro,Android,UPI,17,545.3,17.95,67,30.2,71.7,2,750.42,Standard
CUS-01220,35,Semi_Urban,iOS,UPI,18,494.2,19.19,9,76.8,43.5,1,740.15,Standard
CUS-00696,28,Metro,Android,UPI,29,522.6,34.43,21,21.8,168.5,0,914.5,Standard
CUS-01188,67,Rural,iOS,Cash,20,256.4,24.66,28,23.0,93.4,0,655.24,Standard
CUS-02223,46,Metro,iOS,UPI,38,660.7,17.71,42,89.7,74.9,1,816.93,Standard
CUS-02099,57,Urban,Android,UPI,52,842.8,15.24,49,15.2,35.2,1,668.8,Standard
CUS-00368,58,Urban,Android,Auto_Debit,21,380.8,21.32,40,27.5,86.8,0,677.03,Standard
CUS-01448,60,Metro,Android,UPI,6,225.9,49.95,43,26.9,185.0,1,826.33,Standard
CUS-01668,46,Urban,iOS,Auto_Debit,13,304.5,29.71,91,15.1,122.7,0,799.65,Standard
CUS-02342,28,Urban,iOS,Card,8,126.0,18.83,35,7.2,44.6,2,429.41,Standard
CUS-01111,37,Urban,Android,Card,10,80.5,19.91,60,13.4,94.3,2,484.43,Standard
CUS-01905,21,Metro,Android,Auto_Debit,15,567.3,28.49,55,23.0,113.4,0,830.73,Standard
CUS-01217,48,Metro,Android,Card,31,972.8,17.12,48,23.1,52.6,0,958.48,Standard
CUS-00092,47,Metro,iOS,Auto_Debit,27,454.2,30.62,64,154.6,120.8,1,1024.15,Standard
CUS-00674,53,Metro,iOS,Auto_Debit,29,443.8,25.22,23,25.5,65.9,0,888.99,Standard
CUS-01104,61,Semi_Urban,iOS,Card,20,518.1,21.28,62,12.5,80.5,1,642.29,Standard
CUS-00066,63,Urban,Feature_Phone,Card,20,1087.1,16.89,5,5.1,66.9,3,816.2,Standard
CUS-00068,46,Rural,Android,Auto_Debit,24,413.5,63.72,19,6.8,281.3,0,1002.94,Premium
CUS-00722,49,Metro,Android,UPI,16,748.7,24.17,84,51.0,108.8,0,798.72,Standard
CUS-01412,54,Metro,iOS,Card,16,332.0,18.16,64,19.0,103.4,2,744.37,Standard
CUS-01214,61,Urban,iOS,Card,25,306.2,32.55,140,30.6,160.7,0,687.63,Standard
CUS-01401,55,Urban,Feature_Phone,UPI,30,487.1,2.49,28,66.6,0.0,0,565.26,Basic
CUS-01133,28,Metro,Android,Cash,14,20.4,123.45,18,26.1,420.0,0,1659.46,Premium
CUS-00243,21,Urban,Android,UPI,57,494.0,17.85,48,23.4,86.5,2,612.42,Standard
CUS-01704,51,Urban,iOS,Card,21,402.2,24.3,11,91.0,75.8,1,864.48,Standard
CUS-00099,39,Metro,Feature_Phone,Cash,23,596.1,0.1,84,34.7,0.0,4,440.23,Basic
CUS-00266,53,Metro,Android,Auto_Debit,32,383.0,10.95,110,17.4,43.1,2,498.42,Standard
CUS-00908,54,Semi_Urban,Android,UPI,17,700.7,28.79,82,26.9,106.6,0,727.82,Standard
CUS-00660,65,Metro,Android,Card,20,478.4,23.63,48,22.9,108.4,1,740.73,Standard
CUS-00547,40,Metro,iOS,Cash,84,141.3,22.2,89,12.8,113.2,1,626.13,Standard
CUS-00019,59,Semi_Urban,Android,Card,45,667.2,15.36,89,49.2,86.5,3,709.09,Standard
CUS-00685,50,Semi_Urban,Android,Auto_Debit,65,280.7,7.88,38,25.2,45.4,1,586.09,Basic
CUS-02289,46,Semi_Urban,Android,Card,55,775.7,11.43,4,102.2,48.4,2,725.18,Standard
CUS-01491,63,Metro,Android,Auto_Debit,28,395.1,23.82,141,43.5,98.6,1,694.6,Standard
CUS-00608,45,Metro,Android,Card,39,543.4,6.24,31,17.1,37.9,0,587.37,Standard
CUS-01665,35,Rural,Android,UPI,33,301.9,13.79,75,73.1,63.0,0,624.21,Basic
CUS-00745,63,Metro,Android,Cash,24,742.0,6.72,50,63.3,30.3,1,512.23,Basic
CUS-00101,63,Urban,Android,Card,38,582.3,37.45,26,37.0,195.8,1,878.22,Standard
CUS-00541,18,Urban,Android,UPI,20,821.4,30.22,65,3.5,132.3,1,838.01,Standard
CUS-00808,18,Rural,Android,UPI,30,552.3,9.13,32,50.4,22.6,0,635.01,Basic
CUS-02344,67,Rural,iOS,Cash,38,657.7,15.02,72,14.3,60.7,1,781.13,Standard
CUS-01693,22,Urban,Android,UPI,37,335.5,7.75,43,26.8,34.4,2,506.55,Basic
CUS-00290,54,Urban,Android,Auto_Debit,13,661.4,28.22,109,13.3,102.6,1,690.13,Standard
CUS-00385,19,Semi_Urban,Android,Auto_Debit,9,400.9,22.97,71,49.1,83.4,1,697.39,Standard
CUS-01559,60,Urban,Feature_Phone,UPI,21,464.9,7.64,54,28.9,53.3,2,506.76,Basic
CUS-00358,46,Metro,Android,Auto_Debit,42,441.8,14.99,99,36.7,34.9,2,601.54,Basic
CUS-01602,53,Metro,Android,Auto_Debit,54,365.2,17.96,42,13.4,30.8,1,640.34,Standard
CUS-00424,33,Rural,Android,Auto_Debit,5,489.5,11.24,37,19.3,40.9,2,533.12,Basic
CUS-00024,53,Urban,iOS,Auto_Debit,51,329.7,36.28,76,17.0,159.3,2,891.82,Standard
CUS-00535,36,Rural,Android,Auto_Debit,22,307.9,50.25,36,8.4,239.7,2,1018.02,Premium
CUS-00705,18,Metro,iOS,UPI,7,190.5,31.7,90,46.4,161.6,4,657.95,Premium
CUS-02015,54,Metro,Android,UPI,43,504.3,4.48,66,10.5,8.4,1,451.78,Basic
CUS-01731,20,Semi_Urban,Android,Card,31,524.6,46.89,18,3.4,154.1,3,999.01,Standard
CUS-02250,53,Metro,Android,UPI,9,310.1,78.09,68,25.0,272.1,0,1257.89,Premium
CUS-01865,47,Semi_Urban,iOS,UPI,34,633.8,26.75,80,28.2,90.2,1,864.25,Standard
CUS-01960,44,Metro,Android,UPI,10,537.4,14.79,31,31.6,55.1,0,689.34,Standard
CUS-01038,41,Semi_Urban,iOS,UPI,51,89.6,19.65,66,56.5,56.7,3,742.84,Basic
CUS-00143,43,Urban,Android,Cash,24,580.1,9.37,14,4.1,38.1,0,569.57,Standard
CUS-00353,70,Urban,Android,Auto_Debit,42,276.3,11.61,30,15.0,66.2,1,452.72,Basic
CUS-00709,65,Metro,Android,Auto_Debit,58,818.3,25.29,23,37.9,96.4,2,833.41,Standard
CUS-01040,20,Metro,Android,UPI,16,400.5,22.1,39,24.9,97.4,0,689.17,Standard
CUS-00991,46,Metro,Android,Cash,4,359.1,12.2,150,50.6,30.0,0,522.4,Standard
CUS-01677,37,Urban,iOS,UPI,24,427.0,16.56,68,17.9,82.7,3,583.07,Standard
CUS-00045,64,Rural,Android,UPI,12,380.0,24.44,75,6.5,112.0,1,634.14,Standard
CUS-00805,47,Urban,Android,Cash,23,554.8,18.86,17,64.8,112.4,3,754.22,Standard
CUS-01484,18,Metro,Android,Card,5,714.5,7.67,22,75.8,23.5,1,654.19,Basic
CUS-00479,64,Metro,iOS,Cash,22,437.9,42.19,106,53.4,161.3,2,892.2,Premium
CUS-01509,29,Metro,Feature_Phone,Card,50,287.1,6.11,141,27.7,6.8,2,401.07,Basic
CUS-01852,25,Semi_Urban,Android,Auto_Debit,9,577.7,5.23,52,70.8,24.5,2,635.43,Basic
CUS-00447,57,Semi_Urban,Android,Card,11,611.0,6.48,29,49.7,48.8,0,548.14,Basic
CUS-01955,45,Urban,Android,UPI,28,467.1,15.76,100,16.6,37.9,0,608.14,Standard
CUS-00097,39,Urban,iOS,Auto_Debit,6,427.0,90.0,86,8.3,404.7,0,1470.23,Premium
CUS-00407,43,Metro,Feature_Phone,Auto_Debit,24,359.3,26.54,110,28.7,129.6,1,675.24,Standard
CUS-01863,65,Urban,Android,Cash,40,690.3,15.05,17,11.7,67.1,1,714.88,Standard
CUS-01075,21,Metro,iOS,Auto_Debit,18,234.3,30.62,43,19.6,171.5,1,726.94,Standard
CUS-01800,65,Urban,Feature_Phone,Card,21,652.3,35.24,39,96.5,134.9,1,934.88,Standard
CUS-00959,29,Semi_Urban,iOS,Auto_Debit,6,404.9,36.62,46,50.9,143.6,0,1088.11,Standard
CUS-00502,37,Metro,Android,Auto_Debit,33,302.8,14.14,16,19.6,8.2,1,528.17,Basic
CUS-02186,51,Semi_Urban,Android,Card,56,220.8,16.59,16,87.4,73.4,1,487.12,Standard
CUS-00159,36,Semi_Urban,Android,UPI,20,261.3,8.4,112,8.8,28.1,2,425.9,Basic
CUS-00740,23,Metro,Feature_Phone,UPI,17,559.9,42.65,29,80.9,156.2,0,1012.18,Premium
CUS-00507,23,Semi_Urban,Android,Auto_Debit,10,661.5,18.33,2,5.8,63.4,0,734.23,Standard
CUS-01314,59,Urban,Android,Auto_Debit,4,428.3,7.77,15,43.8,23.3,1,516.19,Basic
CUS-00263,19,Metro,iOS,Cash,84,436.2,41.81,56,10.3,162.8,2,878.99,Standard
CUS-00213,69,Urban,Android,Auto_Debit,15,757.4,46.54,89,59.0,203.4,2,1114.72,Premium
CUS-01254,30,Urban,Android,UPI,7,575.6,18.11,35,91.3,107.6,0,814.79,Standard
CUS-00837,41,Urban,Android,Auto_Debit,25,184.8,12.77,31,19.5,16.0,2,541.73,Basic
CUS-01421,63,Rural,Android,UPI,18,358.3,58.9,13,7.6,250.9,0,1081.74,Premium
CUS-01019,47,Metro,Feature_Phone,Auto_Debit,59,572.5,32.94,49,20.6,106.1,1,729.25,Standard
CUS-00468,51,Metro,Android,Card,53,655.3,32.9,20,29.8,119.7,1,898.11,Standard
CUS-02226,24,Metro,iOS,Auto_Debit,28,247.5,16.47,29,46.2,79.5,1,586.24,Standard
CUS-00208,48,Urban,Android,UPI,18,350.4,17.62,73,59.2,35.9,1,677.71,Basic
CUS-00329,41,Urban,Android,Auto_Debit,56,131.0,14.94,22,4.9,14.4,2,342.3,Basic
CUS-00978,67,Metro,Android,UPI,56,439.3,60.63,76,14.7,238.9,1,1125.93,Premium
CUS-00202,53,Urban,Android,UPI,33,488.0,10.4,42,1.4,42.2,2,714.64,Standard
CUS-02180,62,Metro,Android,Auto_Debit,53,672.5,27.6,26,27.4,91.5,2,767.45,Standard
CUS-01789,54,Semi_Urban,Android,UPI,49,502.6,4.63,2,5.7,31.3,0,474.96,Standard
CUS-01216,52,Metro,iOS,UPI,5,280.1,33.46,14,77.7,135.6,2,993.45,Standard
CUS-02198,56,Metro,iOS,UPI,40,603.3,16.3,24,99.4,54.5,0,786.05,Standard
CUS-02012,40,Semi_Urban,iOS,Auto_Debit,64,451.1,38.99,34,1.4,174.8,3,993.6,Standard
CUS-01416,53,Urban,Android,Card,23,594.0,6.29,38,4.6,0.0,1,614.67,Basic
CUS-00460,65,Metro,Android,Auto_Debit,28,705.2,19.67,14,24.2,109.0,1,693.98,Standard
CUS-02016,28,Urban,Android,Card,19,452.2,24.03,33,29.0,100.3,3,753.71,Standard
CUS-01982,37,Metro,Android,UPI,31,569.5,64.93,73,25.0,259.8,1,1268.03,Premium
CUS-01952,41,Semi_Urban,iOS,Auto_Debit,22,305.5,31.56,65,26.8,132.1,0,774.7,Standard
CUS-01303,60,Metro,Android,Card,48,700.9,31.02,80,25.5,143.9,0,759.06,Standard
CUS-00187,19,Rural,Android,Card,6,349.4,27.65,124,58.4,137.1,0,683.3,Standard
CUS-01055,64,Urban,Feature_Phone,UPI,13,578.7,7.71,7,26.5,40.0,1,591.82,Basic
CUS-00234,35,Urban,iOS,UPI,37,486.3,63.01,45,11.8,253.7,0,1121.78,Premium
CUS-02036,20,Metro,iOS,Auto_Debit,84,411.4,29.85,38,26.7,107.2,0,807.69,Standard
CUS-00619,25,Semi_Urban,iOS,Auto_Debit,30,579.2,17.31,132,28.9,62.8,0,614.46,Standard
CUS-01443,50,Metro,iOS,UPI,44,532.0,20.73,11,70.7,92.2,1,837.34,Standard
CUS-01362,49,Urban,Android,Cash,55,495.2,6.34,36,1.0,48.7,0,434.98,Standard
CUS-02383,65,Urban,iOS,Auto_Debit,38,513.4,18.19,9,49.3,79.1,1,728.49,Standard
CUS-01140,35,Urban,Android,Auto_Debit,7,367.8,25.47,33,22.7,104.8,0,652.15,Standard
CUS-00028,41,Rural,iOS,UPI,10,135.5,36.38,92,23.9,166.4,0,700.9,Standard
CUS-01149,58,Metro,Android,UPI,7,617.1,26.04,69,36.4,110.2,0,770.86,Standard
CUS-00389,64,Rural,Android,UPI,6,708.5,28.93,52,24.2,131.2,0,942.76,Standard
CUS-01175,48,Semi_Urban,iOS,Auto_Debit,25,315.7,32.61,36,25.5,120.9,0,850.94,Standard
CUS-01047,30,Rural,Android,UPI,26,147.8,30.5,7,31.7,119.1,3,655.4,Standard
CUS-01915,67,Rural,Android,Auto_Debit,41,531.3,19.71,52,4.0,75.9,0,640.38,Standard
CUS-00351,36,Semi_Urban,Android,UPI,21,334.7,22.81,7,77.0,116.8,1,651.37,Standard
CUS-01575,50,Urban,Android,Cash,57,762.8,17.95,53,38.0,67.3,0,646.48,Standard
CUS-01930,30,Urban,iOS,Auto_Debit,84,429.5,31.64,31,2.2,152.5,0,856.94,Standard
CUS-02376,34,Rural,Android,Card,79,215.9,19.51,13,9.1,66.3,2,534.98,Standard
CUS-01676,27,Rural,iOS,Card,21,46.8,54.81,15,13.8,227.0,1,957.9,Premium
CUS-00442,66,Metro,Android,Card,17,145.2,4.61,70,12.1,25.6,1,499.41,Basic
CUS-02229,47,Rural,Android,UPI,14,768.7,51.69,33,54.9,179.2,2,1223.86,Premium
CUS-02356,41,Urban,Android,Auto_Debit,24,543.2,6.65,6,37.1,33.1,3,544.97,Standard
CUS-02351,67,Metro,Android,Cash,39,367.5,11.3,68,21.8,44.2,3,427.23,Standard
CUS-00666,29,Metro,Feature_Phone,UPI,33,192.1,0.1,28,27.7,0.0,1,330.98,Basic
CUS-00909,48,Semi_Urban,Feature_Phone,UPI,51,465.9,12.97,58,68.6,20.6,0,651.7,Basic
CUS-00411,34,Urban,Feature_Phone,Auto_Debit,42,735.3,7.6,76,34.8,38.2,0,620.48,Basic
CUS-01488,50,Metro,Android,Auto_Debit,28,590.9,13.45,6,30.9,40.2,3,715.73,Standard
CUS-00167,36,Metro,Android,Card,15,128.8,23.45,84,15.4,91.1,3,545.55,Basic
CUS-01692,68,Urban,iOS,Card,54,584.5,15.33,40,47.2,21.6,3,809.95,Standard
CUS-01772,59,Urban,Feature_Phone,Auto_Debit,34,743.6,24.75,267,2.8,134.8,0,834.12,Standard
CUS-02273,21,Semi_Urban,iOS,UPI,37,520.7,27.1,38,2.1,111.2,1,796.29,Standard
CUS-01086,18,Rural,iOS,UPI,10,527.4,24.83,46,12.5,112.2,1,631.15,Standard
CUS-00222,52,Metro,iOS,Auto_Debit,17,623.9,36.36,156,27.3,129.1,0,1012.62,Standard
CUS-00437,18,Urban,Feature_Phone,Card,26,410.2,14.61,53,52.2,86.4,1,646.06,Basic
CUS-00869,62,Urban,Android,Cash,16,448.4,7.64,18,18.8,32.8,2,528.31,Standard
CUS-00100,31,Urban,Android,Cash,26,94.0,18.48,14,21.6,75.0,3,505.53,Basic
CUS-02067,34,Urban,iOS,UPI,62,552.2,32.3,93,20.9,128.2,0,990.18,Standard
CUS-01745,47,Semi_Urban,Android,Cash,4,659.6,33.15,16,16.3,146.6,0,973.78,Standard
CUS-01309,64,Semi_Urban,iOS,Auto_Debit,13,601.6,20.29,41,2.7,130.9,0,759.84,Standard
CUS-00425,26,Semi_Urban,Android,UPI,36,237.7,35.48,96,19.6,114.6,3,661.09,Standard
CUS-00239,21,Urban,iOS,Auto_Debit,24,591.6,14.98,121,10.2,56.8,1,763.16,Standard
CUS-01999,55,Urban,Android,Card,69,142.4,40.86,33,13.3,177.6,0,684.15,Standard
CUS-02022,29,Urban,Android,Card,47,26.6,5.73,116,39.7,29.0,1,248.95,Basic
CUS-02296,39,Urban,iOS,Cash,16,664.3,32.09,88,29.7,99.6,0,1020.19,Standard
CUS-02176,65,Metro,Android,Auto_Debit,57,816.5,28.94,32,25.3,105.2,3,754.03,Standard
CUS-00763,32,Urban,iOS,UPI,64,578.5,17.26,74,103.4,79.8,3,704.31,Standard
CUS-00606,19,Semi_Urban,Android,Auto_Debit,30,314.6,44.81,110,80.2,203.4,2,799.66,Premium
CUS-00017,33,Urban,Android,Card,20,525.4,20.6,72,24.9,75.5,2,703.45,Standard
CUS-01912,60,Rural,Android,Auto_Debit,13,473.8,68.03,22,10.3,301.0,3,1078.01,Premium
CUS-00710,35,Semi_Urban,iOS,UPI,60,256.9,22.86,102,25.7,80.0,2,837.83,Basic
CUS-01565,26,Metro,Android,Auto_Debit,14,609.6,16.78,14,26.3,59.5,4,638.24,Standard
CUS-01263,60,Urban,Feature_Phone,UPI,6,570.7,0.1,52,43.8,13.0,1,622.9,Basic
CUS-01638,53,Urban,Android,UPI,20,462.9,26.19,34,6.6,133.3,1,731.35,Standard
CUS-02122,39,Urban,iOS,Cash,11,73.5,44.45,49,48.7,208.0,0,729.27,Standard
CUS-00061,66,Urban,iOS,Card,20,416.1,15.54,103,28.1,64.2,0,710.83,Standard
CUS-02358,21,Urban,Android,Card,5,508.5,5.89,80,3.5,40.6,2,611.69,Standard
CUS-01846,19,Semi_Urban,Android,Auto_Debit,21,454.8,15.27,71,34.3,93.9,1,494.8,Basic
CUS-02307,22,Metro,Feature_Phone,Auto_Debit,16,316.6,0.1,47,17.9,0.0,2,326.91,Basic
CUS-01524,43,Urban,Android,UPI,15,253.1,4.35,55,16.0,1.1,0,442.0,Basic
CUS-01129,44,Semi_Urban,iOS,UPI,52,345.2,10.96,68,58.0,35.1,0,574.57,Basic
CUS-01963,64,Rural,Android,Auto_Debit,29,608.4,5.72,85,20.9,44.1,1,667.37,Standard
CUS-01453,30,Metro,Android,UPI,46,397.7,8.32,43,56.9,45.6,0,539.33,Basic
CUS-00198,61,Urban,Android,UPI,28,657.9,3.92,31,73.0,22.5,2,352.37,Basic
CUS-01895,40,Urban,Android,Card,40,311.5,27.46,58,12.6,109.0,2,702.35,Standard
CUS-01958,21,Urban,Feature_Phone,UPI,34,727.4,0.1,12,16.9,0.0,2,541.52,Basic
CUS-00937,70,Semi_Urban,iOS,UPI,24,702.4,22.89,31,14.6,158.1,3,876.77,Standard
CUS-01724,55,Semi_Urban,Android,Auto_Debit,45,432.7,13.34,52,1.4,98.8,2,607.22,Standard
CUS-01160,67,Rural,Android,Card,16,654.1,22.68,87,1.6,74.5,0,761.64,Standard
CUS-00339,66,Semi_Urban,iOS,Auto_Debit,33,427.9,17.2,27,37.9,120.3,0,712.83,Standard
CUS-02075,45,Urban,Android,UPI,48,349.8,18.21,38,4.1,82.3,0,584.82,Standard
CUS-01064,44,Rural,Android,Cash,61,355.7,9.85,47,24.1,24.6,0,607.07,Basic
CUS-00443,61,Semi_Urban,Android,Auto_Debit,7,512.5,16.17,24,34.1,35.1,2,569.19,Basic
CUS-00924,67,Metro,Android,Card,23,556.9,23.78,70,23.6,78.4,3,745.09,Standard
CUS-00075,22,Semi_Urban,iOS,Auto_Debit,9,676.4,16.21,13,93.0,71.9,2,710.41,Standard
CUS-00371,51,Semi_Urban,iOS,Auto_Debit,20,515.5,32.06,219,31.8,170.4,2,940.69,Standard
CUS-02317,24,Urban,Android,UPI,5,520.4,9.74,27,32.6,52.2,0,627.48,Basic
CUS-01164,64,Semi_Urban,Android,Auto_Debit,8,490.4,13.78,91,22.3,46.2,0,483.94,Standard
CUS-00936,66,Urban,iOS,UPI,23,440.0,32.6,87,4.7,107.0,4,779.97,Standard
CUS-01356,52,Urban,Android,Card,11,775.0,13.09,5,47.6,106.3,0,737.8,Standard
CUS-02116,59,Metro,Android,Auto_Debit,33,718.3,43.53,12,17.0,167.9,0,966.01,Standard
CUS-01495,34,Semi_Urban,iOS,UPI,21,661.0,28.96,92,61.6,117.1,3,846.4,Standard
CUS-02136,27,Urban,Feature_Phone,Auto_Debit,62,408.5,3.5,71,34.8,0.0,1,452.06,Basic
CUS-01091,49,Metro,iOS,Cash,12,940.3,20.21,25,31.7,126.6,2,1084.1,Standard
CUS-00913,55,Urban,iOS,Auto_Debit,16,325.2,24.28,19,8.6,110.0,1,623.8,Standard
CUS-01826,23,Urban,Android,UPI,7,723.5,71.58,6,2.9,324.4,6,1286.03,Premium
CUS-01918,25,Metro,Feature_Phone,Auto_Debit,6,485.0,25.26,31,13.2,124.6,1,692.93,Standard
CUS-00023,30,Semi_Urban,Feature_Phone,Card,16,240.0,72.35,50,19.7,347.0,1,1007.13,Premium
CUS-02375,37,Metro,iOS,Card,41,630.8,18.8,137,16.7,85.6,1,755.25,Standard
CUS-01186,43,Rural,Android,UPI,26,261.8,39.85,73,19.3,191.8,1,863.66,Standard
CUS-01228,24,Metro,Feature_Phone,UPI,15,389.6,0.1,52,37.7,3.0,0,427.22,Basic
CUS-00249,43,Semi_Urban,Android,Auto_Debit,26,758.9,7.57,46,26.4,29.1,0,576.95,Standard
CUS-01994,41,Metro,Feature_Phone,Auto_Debit,10,232.9,8.6,40,26.7,6.3,1,417.83,Basic
CUS-02305,57,Urban,iOS,Cash,84,581.3,23.4,17,35.0,86.1,1,723.86,Standard
CUS-00136,60,Metro,iOS,Cash,34,843.4,26.81,29,53.2,109.1,1,981.84,Standard
CUS-00445,59,Urban,iOS,Cash,77,273.3,11.12,48,5.6,0.0,0,413.04,Standard
CUS-01793,57,Metro,iOS,Auto_Debit,9,724.2,44.72,99,44.5,175.9,1,1045.77,Standard
CUS-02170,22,Metro,Android,UPI,21,368.8,44.43,48,45.6,189.9,0,912.12,Standard
CUS-00248,29,Semi_Urban,Android,Card,29,383.4,6.24,156,33.5,35.3,1,549.29,Basic
CUS-00747,50,Semi_Urban,iOS,Cash,36,166.6,18.49,19,81.3,63.6,0,669.44,Basic
CUS-01298,43,Metro,Android,UPI,24,515.8,16.58,31,89.9,54.4,0,762.24,Standard
CUS-00973,24,Rural,Android,Auto_Debit,24,392.7,6.65,37,6.5,24.8,3,495.7,Basic
CUS-01119,20,Urban,Android,Card,42,348.8,25.97,30,14.2,130.1,0,537.69,Standard
CUS-00982,22,Metro,Android,Auto_Debit,25,704.4,33.01,11,27.9,163.2,3,879.44,Standard
CUS-00320,44,Semi_Urban,Android,Auto_Debit,50,517.8,8.29,9,54.2,44.3,2,561.8,Standard
CUS-01679,50,Urban,Android,UPI,11,265.8,11.26,39,76.0,48.5,1,529.09,Basic
CUS-01083,53,Metro,Android,Cash,69,391.0,4.39,56,89.9,7.2,0,480.5,Basic
CUS-01325,26,Rural,iOS,Card,18,713.1,16.1,46,12.2,46.8,0,876.41,Standard
CUS-01130,20,Semi_Urban,Feature_Phone,Cash,12,240.1,39.17,13,15.8,197.7,2,883.27,Standard
CUS-00116,35,Urban,Android,Card,24,83.5,67.39,52,56.6,321.6,1,1102.1,Premium
CUS-01141,46,Urban,Android,Auto_Debit,7,805.3,11.88,27,0.6,42.1,4,732.28,Standard
CUS-01474,56,Urban,iOS,UPI,70,564.7,21.0,39,124.4,66.7,0,913.57,Standard
CUS-01158,52,Semi_Urban,Android,UPI,23,219.3,26.13,53,4.3,99.4,3,614.62,Standard
CUS-00875,38,Metro,Android,Card,14,519.9,34.8,60,16.3,141.4,1,947.78,Premium
CUS-00610,70,Semi_Urban,iOS,Auto_Debit,20,512.3,21.37,80,5.6,122.0,1,933.99,Standard
CUS-02328,32,Metro,Android,UPI,10,470.5,32.71,134,31.6,93.6,0,883.23,Standard
CUS-01934,66,Urban,iOS,Auto_Debit,36,397.3,17.69,30,14.2,42.8,2,742.69,Standard
CUS-02050,39,Urban,Feature_Phone,Card,15,309.4,6.42,55,55.6,51.6,1,571.77,Basic
CUS-02293,52,Rural,Feature_Phone,Auto_Debit,73,466.4,1.24,81,7.9,0.0,0,458.78,Basic
CUS-00553,46,Urban,Android,Card,11,359.0,21.66,44,26.4,63.1,1,623.76,Standard
CUS-00451,23,Urban,Android,Auto_Debit,19,557.9,26.42,35,2.0,104.8,1,847.87,Standard
CUS-02365,69,Urban,iOS,Auto_Debit,33,556.5,12.57,67,57.0,7.0,0,720.66,Basic
CUS-01031,44,Urban,Android,Card,34,488.7,26.84,88,3.2,107.4,0,791.15,Standard
CUS-01630,52,Metro,Android,Card,16,379.2,35.05,100,48.4,153.2,1,766.94,Premium
CUS-00098,21,Rural,iOS,Auto_Debit,23,553.1,21.02,78,47.3,106.3,0,669.41,Standard
CUS-01070,30,Semi_Urban,iOS,Cash,26,448.9,36.56,79,5.2,185.4,1,807.35,Standard
CUS-00803,37,Urban,Android,UPI,84,435.3,17.39,31,4.0,119.6,1,587.68,Basic
CUS-02393,31,Urban,iOS,UPI,8,419.1,39.51,55,7.3,153.1,0,1070.93,Standard
CUS-01738,69,Urban,iOS,UPI,29,490.3,18.79,45,55.3,83.1,0,716.59,Standard
CUS-02149,64,Semi_Urban,Android,Auto_Debit,21,759.3,12.11,16,3.1,55.5,2,711.39,Standard
CUS-01987,50,Urban,Android,Cash,20,728.9,40.75,41,2.4,177.8,1,905.84,Premium
CUS-00594,19,Metro,Android,UPI,13,747.4,11.28,17,35.2,69.2,0,672.28,Standard
CUS-02355,32,Semi_Urban,Android,Auto_Debit,40,280.0,20.53,8,13.7,68.4,0,542.92,Standard
CUS-02208,33,Metro,Android,UPI,20,698.0,15.43,230,19.1,100.8,1,729.65,Standard
CUS-01137,52,Urban,iOS,Card,45,634.5,47.02,55,39.0,195.3,0,1134.19,Premium
CUS-01441,21,Metro,Android,Auto_Debit,20,157.3,5.72,70,20.8,28.0,1,333.74,Basic
CUS-00318,28,Rural,Android,UPI,60,702.8,15.73,109,10.3,66.7,0,735.53,Standard
CUS-01251,62,Metro,iOS,Cash,44,704.9,33.01,18,18.7,103.5,1,1010.17,Standard
CUS-01990,20,Urban,Android,Auto_Debit,1,273.8,15.34,46,3.4,68.7,0,661.05,Standard
CUS-00269,54,Metro,iOS,UPI,42,53.0,29.78,115,38.6,125.2,1,651.2,Standard
CUS-01097,42,Metro,Android,Auto_Debit,18,240.3,69.23,26,22.3,312.8,1,1079.85,Premium
CUS-00963,31,Urban,Feature_Phone,UPI,9,507.8,3.41,152,100.1,15.9,1,569.91,Basic
CUS-01945,42,Urban,Android,Auto_Debit,80,667.0,37.37,47,24.6,141.8,0,838.55,Standard
CUS-02392,27,Semi_Urban,Android,Card,52,489.9,8.68,106,2.9,45.6,1,430.23,Standard
CUS-00374,50,Urban,Feature_Phone,UPI,60,344.6,10.35,49,87.6,15.8,1,498.97,Basic
CUS-00181,40,Metro,Android,UPI,47,478.8,19.19,68,23.6,65.6,2,612.25,Standard
CUS-00897,43,Semi_Urban,Android,Cash,28,433.8,37.4,126,48.6,147.2,4,893.23,Standard
CUS-00813,20,Metro,Android,Card,50,401.1,12.52,77,45.4,75.2,0,710.7,Standard
CUS-00961,29,Semi_Urban,iOS,Auto_Debit,33,367.0,45.65,33,2.0,192.3,2,996.22,Standard
CUS-01920,24,Metro,Android,Cash,40,532.9,60.56,50,16.2,249.0,2,998.1,Premium
CUS-00268,66,Urban,iOS,UPI,75,695.2,38.04,96,3.4,151.9,0,970.05,Standard
CUS-00043,19,Metro,Android,UPI,11,59.8,64.88,35,56.8,293.2,0,996.79,Premium
CUS-01615,28,Semi_Urban,Android,Card,59,205.2,8.63,23,7.3,23.6,1,403.16,Standard
CUS-00194,62,Semi_Urban,Android,Auto_Debit,51,248.8,26.25,235,9.3,106.1,1,625.45,Standard
CUS-02228,54,Urban,Android,Card,15,685.0,4.6,40,24.3,44.5,2,714.22,Standard
CUS-01093,36,Urban,Android,UPI,24,1100.0,18.15,321,30.3,66.8,2,871.1,Standard
CUS-01460,42,Urban,iOS,UPI,15,424.5,18.66,8,20.5,122.3,1,719.96,Standard
CUS-00692,51,Urban,Android,UPI,60,505.7,25.78,78,1.3,120.8,1,682.2,Standard
CUS-01242,41,Rural,Android,Auto_Debit,29,515.4,5.61,40,16.6,0.0,2,452.3,Basic
CUS-01608,24,Semi_Urban,Android,Card,20,181.3,18.93,36,6.3,31.3,0,544.61,Standard
CUS-00280,23,Urban,Android,UPI,12,641.4,36.91,64,21.8,184.3,1,854.12,Standard
CUS-00894,57,Semi_Urban,iOS,Auto_Debit,46,496.9,25.12,46,5.2,123.5,1,788.15,Standard
CUS-02368,60,Semi_Urban,iOS,Card,54,438.9,17.87,26,43.9,21.0,0,644.63,Standard
CUS-00114,59,Metro,iOS,Card,52,465.7,13.16,69,45.5,58.6,1,704.63,Basic
CUS-01856,68,Urban,iOS,Auto_Debit,5,330.2,20.74,21,51.9,138.0,1,692.51,Standard
CUS-00514,46,Metro,Android,Cash,35,594.3,17.51,56,23.1,71.4,2,608.59,Standard
CUS-02150,38,Rural,iOS,Card,4,488.2,14.06,27,18.2,75.4,0,851.27,Standard
CUS-01196,27,Urban,iOS,Cash,9,459.8,130.4,44,22.7,420.0,2,1956.5,Premium
CUS-02094,33,Semi_Urban,Android,Card,24,359.4,17.66,18,17.2,53.5,1,514.5,Standard
CUS-01395,33,Metro,iOS,UPI,56,301.9,58.57,70,69.8,245.1,0,1214.72,Premium
CUS-02206,30,Semi_Urban,iOS,Auto_Debit,32,208.2,37.12,74,15.0,157.3,3,894.6,Standard
CUS-00400,57,Semi_Urban,Android,UPI,39,646.1,93.09,64,2.4,367.2,0,1517.83,Premium
CUS-01787,34,Semi_Urban,Android,UPI,46,210.9,21.32,62,36.5,97.1,1,586.83,Standard
CUS-00567,51,Metro,Android,Auto_Debit,21,560.2,11.76,104,17.7,61.0,0,683.12,Standard
CUS-00277,30,Urban,Android,UPI,29,537.6,87.04,16,53.1,370.6,0,1391.61,Premium
CUS-01385,19,Metro,Android,UPI,56,545.3,19.85,119,33.5,104.6,1,799.11,Standard
CUS-00971,22,Rural,Android,UPI,21,396.1,25.12,54,36.1,157.6,4,657.6,Standard
CUS-02158,26,Urban,Feature_Phone,Auto_Debit,1,488.2,0.1,24,69.1,43.4,2,570.02,Basic
CUS-01106,19,Urban,iOS,Card,43,410.5,18.31,37,13.0,58.0,1,742.49,Standard
CUS-00333,22,Urban,Android,Auto_Debit,43,480.5,30.05,36,7.7,127.4,0,770.09,Standard
CUS-02348,56,Metro,iOS,Auto_Debit,10,812.4,17.1,13,24.0,46.7,1,872.85,Standard
CUS-00983,38,Rural,Android,UPI,17,242.0,21.5,4,32.2,97.6,2,528.69,Standard
CUS-01122,70,Metro,Android,Cash,11,774.5,3.17,100,34.4,0.0,2,659.76,Standard
CUS-00736,62,Metro,iOS,UPI,35,410.7,22.3,45,14.3,80.8,2,857.9,Standard
CUS-00846,47,Rural,Android,Cash,15,341.7,33.96,51,1.7,136.5,1,913.9,Standard
CUS-01633,21,Rural,Android,Card,21,656.9,15.29,68,35.8,78.4,2,723.26,Standard
CUS-00106,23,Urban,Android,UPI,46,390.6,16.77,62,9.4,95.1,1,446.47,Standard
CUS-01648,20,Metro,iOS,Cash,7,546.2,25.23,42,69.9,137.4,2,823.85,Standard
CUS-01566,49,Urban,iOS,UPI,15,595.6,68.2,120,27.1,292.5,1,1198.08,Premium
CUS-02346,46,Semi_Urban,Android,UPI,7,456.1,23.25,26,0.4,87.4,5,612.39,Standard
CUS-00211,57,Metro,Android,UPI,20,549.7,11.89,153,167.7,47.1,2,648.36,Basic
CUS-00169,62,Rural,Android,Card,59,217.4,46.95,147,3.3,212.0,0,751.27,Standard
CUS-00673,44,Urban,Android,Card,36,408.4,27.92,43,27.6,122.6,1,749.69,Standard
CUS-01876,64,Metro,iOS,Cash,32,511.5,12.84,98,41.3,22.1,1,778.12,Standard
CUS-02044,53,Urban,iOS,Cash,50,354.1,21.19,34,6.5,82.2,0,705.04,Standard
CUS-01971,58,Urban,Android,UPI,54,402.6,9.15,64,7.0,14.8,1,453.9,Basic
CUS-00096,51,Semi_Urban,Android,Auto_Debit,14,742.8,55.12,31,11.0,235.0,3,1290.04,Premium
CUS-00564,48,Semi_Urban,Android,Cash,7,424.1,18.21,51,23.9,53.4,3,639.53,Standard
CUS-01335,57,Metro,Android,Card,31,469.7,7.27,50,43.3,31.7,1,547.59,Standard
CUS-01532,50,Urban,iOS,Card,28,444.9,13.64,26,58.9,46.9,1,618.67,Basic
CUS-00215,26,Urban,Android,Card,68,339.6,26.51,26,14.0,125.8,1,673.79,Standard
CUS-01221,44,Urban,Android,UPI,58,502.1,5.57,45,12.0,52.3,0,416.16,Standard
CUS-00845,43,Semi_Urban,iOS,Auto_Debit,18,234.4,47.34,30,72.7,201.1,0,1010.57,Premium
CUS-02200,68,Rural,Feature_Phone,Card,33,654.4,13.15,54,3.2,65.1,3,503.72,Standard
CUS-00494,66,Semi_Urban,Android,UPI,30,439.0,10.03,37,27.9,26.7,0,545.86,Standard
CUS-00537,52,Urban,Android,Card,41,448.8,20.31,100,38.7,82.4,2,786.88,Standard
CUS-00185,36,Rural,Android,UPI,30,369.3,8.72,178,11.4,50.0,1,489.44,Basic
CUS-01481,27,Metro,Android,Card,36,315.2,5.95,225,112.3,33.1,0,548.99,Basic
CUS-01555,20,Urban,Android,Auto_Debit,46,168.8,11.41,41,24.8,40.0,1,461.06,Basic
CUS-01551,54,Urban,iOS,Auto_Debit,17,431.6,29.59,18,17.6,130.8,0,764.22,Standard
CUS-00923,39,Rural,Android,UPI,34,350.6,6.07,46,1.4,34.3,1,597.52,Basic
CUS-02327,53,Urban,Feature_Phone,Auto_Debit,15,708.0,0.1,7,4.2,47.4,1,512.04,Basic
CUS-01506,18,Urban,iOS,UPI,37,80.1,28.14,106,89.5,135.9,1,762.99,Standard
CUS-01946,48,Urban,Android,UPI,12,721.6,50.36,47,56.1,252.9,0,1229.54,Premium
CUS-01451,53,Rural,Feature_Phone,UPI,30,621.2,0.1,129,39.4,0.0,2,477.95,Basic
CUS-01306,49,Semi_Urban,Android,Auto_Debit,84,386.9,10.87,61,19.1,45.0,3,432.04,Standard
CUS-00979,38,Semi_Urban,Android,Card,31,253.1,22.59,166,5.8,62.0,1,648.13,Standard
CUS-02303,26,Urban,Android,UPI,31,345.2,19.59,44,20.3,93.2,0,562.33,Standard
CUS-02182,32,Semi_Urban,Feature_Phone,UPI,27,278.0,13.45,10,52.5,37.1,2,637.44,Basic
CUS-02089,59,Rural,iOS,Auto_Debit,34,444.4,23.82,111,21.9,91.0,1,856.63,Standard
CUS-00034,61,Urban,iOS,UPI,25,532.6,22.81,44,49.0,115.8,1,704.26,Standard
CUS-00459,24,Urban,Android,Auto_Debit,46,468.6,58.92,68,42.0,250.2,2,1088.66,Premium
CUS-00796,31,Metro,Android,UPI,31,482.1,14.68,22,39.5,85.5,3,639.01,Standard
CUS-00612,35,Rural,Android,Cash,5,808.5,24.66,97,122.0,101.5,0,956.75,Standard
CUS-00633,20,Semi_Urban,Android,Auto_Debit,9,421.8,32.99,86,9.4,131.5,0,784.26,Standard
CUS-00734,41,Rural,Android,UPI,13,69.8,19.25,8,68.5,68.0,1,535.05,Basic
CUS-01349,44,Metro,Android,Card,53,496.6,27.55,25,65.5,122.4,0,823.96,Standard
CUS-01853,63,Urban,Android,Card,23,627.9,6.99,21,50.1,2.4,3,794.86,Standard
CUS-00083,40,Metro,Android,Cash,40,683.7,8.01,35,39.0,27.4,0,568.65,Standard
CUS-02148,33,Semi_Urban,Android,UPI,24,504.4,8.66,14,33.9,65.4,1,559.64,Standard
CUS-02281,60,Rural,Android,UPI,18,798.2,5.34,144,18.0,18.3,3,641.15,Standard
CUS-00744,39,Urban,Android,Card,17,346.0,12.49,13,0.3,46.9,2,534.74,Standard
CUS-00330,21,Metro,Android,Card,15,141.2,12.03,57,13.3,27.5,0,353.67,Basic
CUS-01959,38,Metro,Feature_Phone,UPI,31,402.0,0.1,142,17.2,23.5,1,357.28,Basic
CUS-00942,39,Semi_Urban,iOS,Card,71,559.4,14.01,41,19.6,81.9,2,843.84,Standard
CUS-00521,57,Rural,iOS,UPI,35,423.2,12.96,51,108.9,78.9,0,775.96,Standard
CUS-00684,64,Semi_Urban,Android,Auto_Debit,21,442.4,5.59,7,3.1,17.6,3,444.52,Basic
CUS-02059,24,Urban,Android,Auto_Debit,47,377.8,6.45,19,11.8,0.0,0,504.23,Basic
CUS-00941,56,Urban,iOS,Auto_Debit,14,352.8,31.5,123,4.2,128.7,1,746.45,Standard
CUS-00777,37,Semi_Urban,Feature_Phone,Card,12,761.9,0.1,42,17.4,0.0,1,646.34,Basic
CUS-01511,65,Metro,Android,Auto_Debit,4,453.4,45.83,88,15.7,207.8,0,975.81,Standard
CUS-01927,51,Semi_Urban,Android,UPI,5,800.0,15.97,32,45.0,93.3,1,768.14,Standard
CUS-02005,31,Urban,Android,UPI,18,318.0,26.77,58,28.2,95.1,2,588.49,Standard
CUS-01492,29,Semi_Urban,Android,Card,33,296.4,59.4,52,24.2,263.8,1,1084.44,Premium
CUS-02298,41,Urban,Android,Card,21,574.8,16.86,2,11.8,81.3,2,665.33,Standard
CUS-00044,40,Metro,Android,Auto_Debit,18,262.8,23.95,84,33.3,137.8,1,489.91,Standard
CUS-02057,27,Metro,Android,UPI,25,441.6,12.3,109,39.4,39.4,1,529.88,Basic
CUS-02199,36,Metro,Android,Auto_Debit,10,338.9,7.02,75,36.1,11.4,0,397.73,Basic
CUS-00771,26,Urban,Android,UPI,20,818.3,20.96,100,23.5,119.2,0,690.73,Standard
CUS-02350,29,Semi_Urban,Android,Card,9,323.3,16.33,3,19.6,112.7,0,659.59,Basic
CUS-02078,70,Urban,Android,Card,34,385.3,19.36,94,36.0,73.1,1,748.35,Standard
CUS-00528,64,Semi_Urban,Android,Card,14,507.7,56.92,55,60.8,232.9,1,1106.25,Premium
CUS-00773,30,Metro,Android,UPI,10,410.6,7.8,42,55.5,26.0,4,632.51,Basic
CUS-01016,56,Urban,Android,Cash,17,614.8,23.73,12,22.4,129.0,1,839.59,Standard
CUS-00128,23,Rural,Android,UPI,30,20.0,4.69,5,37.1,0.0,0,489.27,Basic
CUS-01024,65,Urban,iOS,UPI,17,624.4,11.56,14,5.9,47.7,2,713.45,Basic
CUS-01494,31,Urban,Android,UPI,30,586.4,10.92,10,34.7,54.8,0,499.72,Standard
CUS-01812,21,Metro,iOS,UPI,29,537.8,52.43,106,32.0,250.2,2,1218.51,Premium
CUS-01935,47,Urban,Android,Auto_Debit,39,707.2,11.82,61,15.9,33.8,0,742.7,Standard
CUS-02167,54,Metro,Feature_Phone,UPI,15,646.7,0.1,107,23.0,0.0,0,687.7,Basic
CUS-01751,54,Urban,Android,Auto_Debit,10,492.6,9.68,25,5.4,4.9,1,544.76,Basic
CUS-00789,68,Metro,Android,Auto_Debit,35,281.4,36.58,97,13.9,142.4,0,739.6,Standard
CUS-01983,59,Urban,Android,Auto_Debit,61,296.7,21.8,69,6.6,118.1,1,548.96,Standard
CUS-00997,53,Urban,Android,Cash,20,657.1,18.16,87,50.3,108.7,1,835.09,Standard
CUS-01376,61,Urban,iOS,Auto_Debit,35,611.2,41.24,191,2.7,180.5,1,1095.82,Standard
CUS-01858,64,Urban,iOS,Card,13,867.8,14.98,49,13.6,73.5,2,914.05,Standard
CUS-01909,59,Metro,Android,Card,44,570.3,49.35,17,24.9,222.4,2,1011.69,Premium
CUS-02201,45,Rural,iOS,Card,27,288.7,42.11,33,15.3,176.4,0,809.71,Standard
CUS-01785,49,Semi_Urban,iOS,UPI,30,388.3,28.96,49,0.8,80.9,2,677.23,Standard
CUS-01842,20,Urban,Android,UPI,23,338.0,22.43,72,13.5,120.2,0,736.88,Standard
CUS-01702,21,Metro,iOS,Auto_Debit,44,361.5,24.95,130,11.1,78.2,1,762.15,Standard
CUS-00115,33,Metro,Android,Auto_Debit,3,595.5,22.61,12,40.1,107.8,1,775.62,Standard
CUS-01882,47,Rural,iOS,Auto_Debit,17,352.2,35.81,20,10.3,175.9,0,870.0,Standard
CUS-01364,20,Rural,iOS,Card,22,189.4,20.77,22,59.9,53.3,0,674.65,Standard
CUS-02241,45,Rural,Android,Card,25,477.9,12.64,28,1.8,46.1,1,550.69,Standard
CUS-02310,23,Urban,Feature_Phone,Auto_Debit,18,305.1,8.35,40,4.5,43.5,0,306.99,Basic
CUS-00571,64,Urban,Android,Auto_Debit,47,298.2,20.55,134,72.0,58.6,0,576.46,Standard
CUS-01462,30,Rural,iOS,UPI,36,345.2,25.99,45,29.1,105.6,0,765.86,Standard
CUS-00614,51,Urban,iOS,Auto_Debit,24,433.6,42.08,112,33.2,167.6,0,887.24,Premium
CUS-00523,52,Semi_Urban,Android,Auto_Debit,15,836.4,16.79,43,18.9,53.9,2,817.03,Standard
CUS-00011,36,Semi_Urban,iOS,Auto_Debit,32,409.3,15.93,153,60.6,59.6,2,837.5,Basic
CUS-01612,67,Rural,Android,Card,84,830.4,132.43,31,25.5,420.0,0,1947.98,Premium
CUS-01467,26,Metro,Android,Cash,22,367.3,33.8,9,21.7,145.2,1,716.11,Standard
CUS-01270,62,Urban,iOS,Cash,7,639.3,27.07,40,19.2,167.6,1,942.36,Standard
CUS-01624,52,Metro,Android,Card,22,297.3,4.97,50,32.8,17.9,2,370.75,Basic
CUS-02244,48,Semi_Urban,Android,Card,56,734.1,19.48,54,5.4,76.5,3,773.64,Standard
CUS-00006,47,Urban,Android,Card,43,723.3,12.46,20,47.6,63.4,1,763.27,Standard
CUS-01231,36,Semi_Urban,iOS,Auto_Debit,32,152.2,20.78,38,12.2,89.3,2,641.06,Standard
CUS-02161,53,Urban,Android,Card,17,379.5,26.71,53,48.5,106.0,0,526.69,Standard
CUS-00217,19,Semi_Urban,Android,Card,22,158.5,27.92,173,46.2,102.5,0,563.76,Standard
CUS-01573,49,Metro,Android,UPI,40,273.1,28.6,90,22.6,110.6,0,714.79,Standard
CUS-00350,42,Rural,Android,Card,13,592.7,9.44,49,17.9,0.0,1,630.73,Standard
CUS-02386,41,Semi_Urban,Feature_Phone,UPI,84,542.3,6.92,67,13.0,40.6,1,475.71,Basic
CUS-01613,35,Rural,iOS,UPI,51,452.1,23.91,35,76.6,128.1,1,942.84,Standard
CUS-01521,66,Metro,Feature_Phone,Card,3,349.3,0.1,38,15.7,5.7,1,434.02,Basic
CUS-01801,36,Urban,Android,Card,14,496.0,6.9,78,20.5,34.2,1,543.78,Basic
CUS-02292,40,Urban,iOS,Card,8,466.3,35.84,8,18.9,163.9,2,950.19,Premium
CUS-01526,24,Metro,Android,Cash,37,420.1,8.16,38,19.7,44.0,1,511.51,Basic
CUS-00697,39,Metro,iOS,Cash,19,213.2,14.95,31,58.4,50.5,1,745.23,Basic
CUS-00782,43,Rural,Android,Card,57,347.7,14.8,53,9.8,98.9,2,618.66,Basic
CUS-01200,27,Urban,Android,Auto_Debit,17,140.2,39.27,27,16.6,178.6,1,686.06,Standard
CUS-00898,20,Urban,Feature_Phone,Auto_Debit,46,791.2,0.1,15,31.0,0.0,1,603.73,Basic
CUS-02132,55,Metro,Android,Auto_Debit,53,58.1,11.48,39,51.8,0.0,1,293.07,Basic
CUS-01637,65,Metro,Android,UPI,16,888.5,8.72,20,13.7,64.6,1,714.13,Standard
CUS-00778,22,Semi_Urban,iOS,UPI,11,469.8,44.41,66,9.5,199.7,2,1025.52,Standard
CUS-00362,44,Metro,Android,Cash,18,682.2,21.14,47,15.8,94.9,2,633.73,Standard
CUS-00601,36,Metro,Android,UPI,10,525.7,12.61,60,24.8,0.0,1,499.6,Standard
CUS-00155,47,Semi_Urban,Android,UPI,13,642.2,2.26,9,0.9,28.5,3,559.8,Basic
CUS-00702,68,Metro,Android,Auto_Debit,38,892.7,16.4,60,12.1,63.0,0,805.57,Standard
CUS-00314,18,Semi_Urban,iOS,Auto_Debit,22,305.2,29.63,44,89.6,144.1,4,760.54,Standard
CUS-02399,45,Metro,Android,Card,29,569.9,12.41,34,12.8,20.6,3,628.91,Basic
CUS-00144,33,Rural,iOS,UPI,10,212.6,23.81,17,71.2,103.8,0,701.11,Standard
CUS-01696,26,Rural,Feature_Phone,UPI,47,317.4,0.1,7,16.0,0.0,1,355.82,Basic
CUS-00241,64,Metro,iOS,UPI,10,616.5,29.12,74,17.2,112.9,2,885.78,Standard
CUS-01808,25,Urban,Feature_Phone,Cash,51,342.0,0.1,29,36.3,19.0,4,374.39,Basic
CUS-00370,53,Semi_Urban,iOS,Card,66,860.1,24.29,37,43.7,57.4,0,947.93,Standard
CUS-00729,19,Semi_Urban,Android,UPI,35,596.4,5.69,61,74.9,44.9,2,591.1,Standard
CUS-01020,63,Semi_Urban,Android,Cash,46,695.6,13.12,64,42.7,94.3,5,647.65,Standard
CUS-00379,40,Urban,Android,UPI,28,638.0,17.59,73,7.5,43.2,1,798.96,Standard
CUS-01057,50,Urban,Android,Auto_Debit,20,259.3,53.12,8,31.4,226.1,2,880.65,Standard
CUS-00340,44,Semi_Urban,iOS,Auto_Debit,4,394.0,28.52,27,26.3,76.1,4,918.31,Standard
CUS-00921,68,Urban,Android,Auto_Debit,38,242.0,3.7,57,16.9,0.0,0,315.33,Basic
CUS-01682,35,Urban,Android,Auto_Debit,44,385.7,56.74,51,10.3,289.1,2,930.86,Premium
CUS-01206,27,Urban,Android,Auto_Debit,55,228.0,13.84,22,9.5,48.5,0,498.24,Basic
CUS-02318,56,Metro,Feature_Phone,Auto_Debit,51,554.4,1.46,31,12.3,0.0,3,389.24,Basic
CUS-02275,37,Urban,Android,UPI,14,317.0,29.64,42,53.2,117.9,1,758.13,Standard
CUS-01864,26,Urban,Android,UPI,18,108.9,37.99,41,3.2,152.5,0,544.51,Standard
CUS-00382,34,Semi_Urban,Feature_Phone,UPI,17,497.9,9.93,13,16.9,86.9,0,598.04,Standard
CUS-01740,20,Rural,Android,Card,4,413.3,10.31,28,44.0,29.0,4,677.74,Basic
CUS-00847,36,Semi_Urban,iOS,Auto_Debit,14,359.3,22.42,64,68.9,97.6,2,737.02,Standard
CUS-00635,26,Semi_Urban,iOS,Card,22,553.0,24.08,23,60.4,106.7,1,872.63,Standard
CUS-01403,67,Rural,iOS,UPI,20,598.1,64.4,6,11.5,275.0,1,1285.85,Premium
CUS-00467,55,Urban,Android,UPI,30,664.2,41.19,89,9.9,185.7,0,907.72,Standard
